Date,Sales,Orders,Quantity,Profit,Year,Month,Month_Name
2019-01-01,877.73,51,67,151.97,2019,1,January
2019-01-02,811.35,24,30,73.85,2019,1,January
2019-01-03,901.26,37,54,148.28,2019,1,January
2019-01-04,1001.0,30,40,103.05,2019,1,January
2019-01-05,811.17,38,55,148.47,2019,1,January
2019-01-06,814.62,35,55,99.52,2019,1,January
2019-01-07,1017.53,30,64,147.41,2019,1,January
2019-01-08,931.67,39,71,152.72,2019,1,January
2019-01-09,799.04,49,100,83.08,2019,1,January
2019-01-10,913.78,33,63,167.98,2019,1,January
2019-01-11,806.53,41,54,98.69,2019,1,January
2019-01-12,809.68,25,48,139.86,2019,1,January
2019-01-13,890.92,27,40,91.02,2019,1,January
2019-01-14,657.22,39,72,115.89,2019,1,January
2019-01-15,681.3,47,72,66.73,2019,1,January
2019-01-16,812.55,38,84,113.39,2019,1,January
2019-01-17,766.32,32,47,87.83,2019,1,January
2019-01-18,915.62,35,52,169.18,2019,1,January
2019-01-19,784.48,25,53,91.54,2019,1,January
2019-01-20,732.3,40,49,148.98,2019,1,January
2019-01-21,1052.14,42,80,215.54,2019,1,January
2019-01-22,869.34,31,60,93.46,2019,1,January
2019-01-23,904.84,31,63,150.15,2019,1,January
2019-01-24,743.9,37,80,68.65,2019,1,January
2019-01-25,843.93,32,70,113.77,2019,1,January
2019-01-26,919.18,34,43,165.33,2019,1,January
2019-01-27,783.51,52,105,135.01,2019,1,January
2019-01-28,954.57,33,61,159.85,2019,1,January
2019-01-29,850.27,32,59,101.65,2019,1,January
2019-01-30,887.33,30,40,117.95,2019,1,January
2019-01-31,856.27,41,76,80.84,2019,1,January
2019-02-01,1169.23,34,74,211.24,2019,2,February
2019-02-02,966.98,30,63,145.57,2019,2,February
2019-02-03,855.08,46,75,153.25,2019,2,February
2019-02-04,1064.84,46,57,122.3,2019,2,February
2019-02-05,842.97,30,47,105.73,2019,2,February
2019-02-06,1003.11,20,41,127.18,2019,2,February
2019-02-07,767.41,43,82,64.16,2019,2,February
2019-02-08,839.68,30,50,107.27,2019,2,February
2019-02-09,1010.21,41,51,194.43,2019,2,February
2019-02-10,1072.52,19,31,220.53,2019,2,February
2019-02-11,1012.85,42,70,154.51,2019,2,February
2019-02-12,983.95,25,53,141.46,2019,2,February
2019-02-13,966.18,41,75,81.46,2019,2,February
2019-02-14,839.26,35,53,170.44,2019,2,February
2019-02-15,925.28,27,47,75.71,2019,2,February
2019-02-16,956.31,32,41,202.99,2019,2,February
2019-02-17,1125.75,40,87,167.16,2019,2,February
2019-02-18,1049.71,36,56,134.23,2019,2,February
2019-02-19,820.38,40,67,171.78,2019,2,February
2019-02-20,1052.33,51,79,87.78,2019,2,February
2019-02-21,976.65,22,41,157.63,2019,2,February
2019-02-22,946.83,48,89,148.51,2019,2,February
2019-02-23,1090.81,36,69,120.76,2019,2,February
2019-02-24,1139.14,28,41,159.53,2019,2,February
2019-02-25,1130.32,24,36,193.64,2019,2,February
2019-02-26,937.68,33,44,170.47,2019,2,February
2019-02-27,998.04,42,78,79.94,2019,2,February
2019-02-28,1070.52,34,42,226.05,2019,2,February
2019-03-01,1203.36,47,84,123.99,2019,3,March
2019-03-02,1045.28,23,48,117.8,2019,3,March
2019-03-03,1079.45,35,73,126.17,2019,3,March
2019-03-04,980.01,25,41,83.59,2019,3,March
2019-03-05,971.92,38,63,94.5,2019,3,March
2019-03-06,1194.62,42,54,260.53,2019,3,March
2019-03-07,1256.12,32,60,155.92,2019,3,March
2019-03-08,1100.66,14,28,105.82,2019,3,March
2019-03-09,1220.57,37,53,115.93,2019,3,March
2019-03-10,1151.51,38,62,208.11,2019,3,March
2019-03-11,1042.27,38,77,208.08,2019,3,March
2019-03-12,1154.44,45,93,133.88,2019,3,March
2019-03-13,1285.27,26,38,106.58,2019,3,March
2019-03-14,1113.49,40,70,123.86,2019,3,March
2019-03-15,1290.84,45,63,113.48,2019,3,March
2019-03-16,831.81,21,27,78.59,2019,3,March
2019-03-17,1211.59,38,80,170.12,2019,3,March
2019-03-18,1131.9,31,63,126.99,2019,3,March
2019-03-19,1090.52,34,67,166.01,2019,3,March
2019-03-20,1134.55,38,47,131.03,2019,3,March
2019-03-21,906.82,31,63,191.95,2019,3,March
2019-03-22,1102.22,30,49,227.97,2019,3,March
2019-03-23,1166.55,35,54,185.89,2019,3,March
2019-03-24,1290.67,26,45,167.3,2019,3,March
2019-03-25,1071.87,26,34,142.95,2019,3,March
2019-03-26,1040.68,40,78,143.26,2019,3,March
2019-03-27,1075.09,26,46,195.52,2019,3,March
2019-03-28,1231.6,40,55,176.4,2019,3,March
2019-03-29,1167.64,39,54,233.46,2019,3,March
2019-03-30,1073.72,21,29,227.81,2019,3,March
2019-03-31,1188.91,30,38,151.03,2019,3,March
2019-04-01,1163.54,45,80,184.42,2019,4,April
2019-04-02,1259.77,27,55,117.55,2019,4,April
2019-04-03,1076.29,31,38,116.31,2019,4,April
2019-04-04,1117.72,39,49,154.12,2019,4,April
2019-04-05,1110.83,41,73,120.93,2019,4,April
2019-04-06,993.12,33,67,201.32,2019,4,April
2019-04-07,1186.76,30,46,121.24,2019,4,April
2019-04-08,1182.94,46,71,170.1,2019,4,April
2019-04-09,1154.77,49,88,190.3,2019,4,April
2019-04-10,1128.34,43,63,199.56,2019,4,April
2019-04-11,998.33,36,44,133.41,2019,4,April
2019-04-12,1107.57,29,56,223.37,2019,4,April
2019-04-13,1115.92,28,51,178.06,2019,4,April
2019-04-14,1065.09,39,69,150.74,2019,4,April
2019-04-15,1135.27,38,74,101.51,2019,4,April
2019-04-16,1197.07,46,86,173.64,2019,4,April
2019-04-17,1359.67,40,56,265.0,2019,4,April
2019-04-18,1170.91,23,36,194.41,2019,4,April
2019-04-19,1179.5,43,57,231.77,2019,4,April
2019-04-20,1142.39,27,36,170.4,2019,4,April
2019-04-21,938.87,32,60,90.68,2019,4,April
2019-04-22,1146.33,37,76,93.9,2019,4,April
2019-04-23,1155.14,51,110,141.45,2019,4,April
2019-04-24,1418.68,60,110,252.13,2019,4,April
2019-04-25,1125.73,40,55,214.61,2019,4,April
2019-04-26,1179.17,34,44,143.16,2019,4,April
2019-04-27,1141.25,39,79,170.49,2019,4,April
2019-04-28,1015.53,42,75,141.11,2019,4,April
2019-04-29,1268.76,32,58,174.42,2019,4,April
2019-04-30,1224.69,49,97,137.64,2019,4,April
2019-05-01,1257.86,37,70,124.64,2019,5,May
2019-05-02,1069.64,39,79,115.03,2019,5,May
2019-05-03,1322.77,40,50,116.07,2019,5,May
2019-05-04,1012.99,38,74,109.14,2019,5,May
2019-05-05,1230.44,42,86,100.02,2019,5,May
2019-05-06,1405.49,30,45,235.86,2019,5,May
2019-05-07,1054.18,31,57,131.03,2019,5,May
2019-05-08,1099.41,26,39,237.74,2019,5,May
2019-05-09,1171.18,39,84,125.46,2019,5,May
2019-05-10,1103.31,41,51,141.68,2019,5,May
2019-05-11,986.55,39,69,128.35,2019,5,May
2019-05-12,1163.05,48,66,94.42,2019,5,May
2019-05-13,1037.01,35,67,204.8,2019,5,May
2019-05-14,1204.27,40,55,101.74,2019,5,May
2019-05-15,1049.31,26,37,222.06,2019,5,May
2019-05-16,1319.17,32,54,270.29,2019,5,May
2019-05-17,1060.71,41,87,164.38,2019,5,May
2019-05-18,1109.6,42,59,173.21,2019,5,May
2019-05-19,1232.63,33,44,211.43,2019,5,May
2019-05-20,1005.83,34,67,134.97,2019,5,May
2019-05-21,1164.29,23,39,198.64,2019,5,May
2019-05-22,1281.07,32,68,110.51,2019,5,May
2019-05-23,958.44,42,57,83.93,2019,5,May
2019-05-24,1153.52,40,74,166.12,2019,5,May
2019-05-25,1159.7,39,56,182.01,2019,5,May
2019-05-26,1215.0,35,47,248.22,2019,5,May
2019-05-27,990.78,35,66,93.78,2019,5,May
2019-05-28,979.41,30,54,191.15,2019,5,May
2019-05-29,1179.86,41,80,129.08,2019,5,May
2019-05-30,1152.87,38,57,155.84,2019,5,May
2019-05-31,1145.49,39,64,142.41,2019,5,May
2019-06-01,1173.75,31,50,159.66,2019,6,June
2019-06-02,1058.51,18,39,106.98,2019,6,June
2019-06-03,1156.51,44,66,174.05,2019,6,June
2019-06-04,1160.82,31,46,223.14,2019,6,June
2019-06-05,1047.61,28,44,148.57,2019,6,June
2019-06-06,1329.0,41,72,197.6,2019,6,June
2019-06-07,1173.44,32,46,233.31,2019,6,June
2019-06-08,987.8,43,91,176.67,2019,6,June
2019-06-09,1188.58,40,59,176.7,2019,6,June
2019-06-10,1006.63,40,84,116.85,2019,6,June
2019-06-11,1197.9,24,31,244.24,2019,6,June
2019-06-12,1236.22,45,84,198.76,2019,6,June
2019-06-13,1015.93,37,78,112.73,2019,6,June
2019-06-14,1209.6,32,44,142.34,2019,6,June
2019-06-15,1146.43,36,78,220.62,2019,6,June
2019-06-16,1188.84,21,35,102.45,2019,6,June
2019-06-17,1304.43,38,82,285.53,2019,6,June
2019-06-18,1066.15,27,51,104.75,2019,6,June
2019-06-19,1007.58,24,36,192.9,2019,6,June
2019-06-20,989.98,23,32,133.91,2019,6,June
2019-06-21,995.41,44,66,148.23,2019,6,June
2019-06-22,1073.99,30,39,218.33,2019,6,June
2019-06-23,1117.3,47,63,153.97,2019,6,June
2019-06-24,1107.51,31,40,171.94,2019,6,June
2019-06-25,1165.36,21,34,101.27,2019,6,June
2019-06-26,1073.08,26,52,86.2,2019,6,June
2019-06-27,1228.82,45,60,140.42,2019,6,June
2019-06-28,1037.1,34,45,181.78,2019,6,June
2019-06-29,1362.7,31,57,132.15,2019,6,June
2019-06-30,1129.58,36,50,108.36,2019,6,June
2019-07-01,933.74,39,51,128.42,2019,7,July
2019-07-02,907.49,44,60,154.91,2019,7,July
2019-07-03,1075.63,47,100,193.28,2019,7,July
2019-07-04,995.25,32,65,104.48,2019,7,July
2019-07-05,1095.64,24,37,99.86,2019,7,July
2019-07-06,1066.44,32,59,225.72,2019,7,July
2019-07-07,1003.65,37,64,116.92,2019,7,July
2019-07-08,915.8,27,51,182.67,2019,7,July
2019-07-09,839.6,27,51,168.67,2019,7,July
2019-07-10,954.42,38,69,179.58,2019,7,July
2019-07-11,1095.04,35,51,113.49,2019,7,July
2019-07-12,1021.7,35,43,199.28,2019,7,July
2019-07-13,858.44,29,48,161.12,2019,7,July
2019-07-14,1011.86,33,69,165.48,2019,7,July
2019-07-15,1032.53,28,50,131.35,2019,7,July
2019-07-16,890.28,42,85,103.94,2019,7,July
2019-07-17,1001.79,43,94,97.24,2019,7,July
2019-07-18,988.66,20,27,149.65,2019,7,July
2019-07-19,853.93,28,53,138.28,2019,7,July
2019-07-20,1016.43,23,43,132.45,2019,7,July
2019-07-21,1036.19,30,65,151.85,2019,7,July
2019-07-22,1091.09,34,74,142.81,2019,7,July
2019-07-23,1085.33,23,43,184.22,2019,7,July
2019-07-24,815.36,28,40,168.11,2019,7,July
2019-07-25,861.25,27,54,88.66,2019,7,July
2019-07-26,1018.59,37,48,135.88,2019,7,July
2019-07-27,1016.0,36,71,101.32,2019,7,July
2019-07-28,1013.71,29,61,169.79,2019,7,July
2019-07-29,1378.45,36,57,250.94,2019,7,July
2019-07-30,1015.06,31,57,213.64,2019,7,July
2019-07-31,1074.82,33,54,127.95,2019,7,July
2019-08-01,1072.52,48,79,228.48,2019,8,August
2019-08-02,1036.92,46,69,92.14,2019,8,August
2019-08-03,928.31,25,49,152.63,2019,8,August
2019-08-04,1044.23,42,90,91.89,2019,8,August
2019-08-05,873.51,41,88,179.18,2019,8,August
2019-08-06,930.28,26,36,143.42,2019,8,August
2019-08-07,900.78,42,87,156.47,2019,8,August
2019-08-08,961.05,47,91,188.77,2019,8,August
2019-08-09,1204.56,26,38,121.71,2019,8,August
2019-08-10,742.48,28,35,63.41,2019,8,August
2019-08-11,1021.34,43,63,207.38,2019,8,August
2019-08-12,766.46,37,78,95.11,2019,8,August
2019-08-13,889.98,39,71,87.27,2019,8,August
2019-08-14,1059.75,38,73,154.28,2019,8,August
2019-08-15,945.15,38,55,154.78,2019,8,August
2019-08-16,817.67,24,46,68.96,2019,8,August
2019-08-17,855.72,43,53,101.39,2019,8,August
2019-08-18,1007.38,44,69,85.22,2019,8,August
2019-08-19,850.55,33,60,118.1,2019,8,August
2019-08-20,953.0,35,47,195.66,2019,8,August
2019-08-21,932.54,23,47,202.89,2019,8,August
2019-08-22,854.23,39,56,144.52,2019,8,August
2019-08-23,1160.17,40,74,119.07,2019,8,August
2019-08-24,992.53,35,56,205.27,2019,8,August
2019-08-25,698.54,44,79,106.37,2019,8,August
2019-08-26,940.36,32,42,95.47,2019,8,August
2019-08-27,845.65,40,49,176.78,2019,8,August
2019-08-28,1010.85,27,57,188.06,2019,8,August
2019-08-29,828.58,35,51,151.17,2019,8,August
2019-08-30,901.86,34,69,161.69,2019,8,August
2019-08-31,968.81,37,81,104.68,2019,8,August
2019-09-01,1027.31,32,45,112.53,2019,9,September
2019-09-02,798.9,34,50,140.89,2019,9,September
2019-09-03,893.05,42,78,98.92,2019,9,September
2019-09-04,876.56,32,69,123.96,2019,9,September
2019-09-05,855.94,22,47,162.18,2019,9,September
2019-09-06,1121.06,49,83,212.72,2019,9,September
2019-09-07,970.51,46,92,139.23,2019,9,September
2019-09-08,786.42,25,33,150.13,2019,9,September
2019-09-09,1025.28,41,89,202.4,2019,9,September
2019-09-10,1157.0,31,67,198.62,2019,9,September
2019-09-11,1036.43,37,50,116.06,2019,9,September
2019-09-12,755.08,37,55,89.37,2019,9,September
2019-09-13,868.34,33,43,107.74,2019,9,September
2019-09-14,1060.42,29,43,102.17,2019,9,September
2019-09-15,842.72,29,58,99.65,2019,9,September
2019-09-16,968.93,28,44,105.94,2019,9,September
2019-09-17,1004.93,28,36,144.45,2019,9,September
2019-09-18,817.41,34,52,169.35,2019,9,September
2019-09-19,912.53,29,63,86.35,2019,9,September
2019-09-20,562.3,40,73,101.68,2019,9,September
2019-09-21,805.97,47,76,142.03,2019,9,September
2019-09-22,890.74,30,41,83.2,2019,9,September
2019-09-23,781.18,37,81,163.39,2019,9,September
2019-09-24,1097.97,39,79,175.22,2019,9,September
2019-09-25,761.11,39,58,99.65,2019,9,September
2019-09-26,870.1,36,46,161.76,2019,9,September
2019-09-27,933.01,41,52,108.26,2019,9,September
2019-09-28,1077.35,39,51,190.79,2019,9,September
2019-09-29,761.11,25,45,65.12,2019,9,September
2019-09-30,1047.29,42,89,206.86,2019,9,September
2019-10-01,950.81,42,71,135.72,2019,10,October
2019-10-02,842.11,29,59,142.43,2019,10,October
2019-10-03,1001.36,35,58,111.12,2019,10,October
2019-10-04,972.92,40,76,170.06,2019,10,October
2019-10-05,885.56,33,64,166.59,2019,10,October
2019-10-06,959.87,44,60,140.38,2019,10,October
2019-10-07,910.46,54,84,151.57,2019,10,October
2019-10-08,966.05,29,53,139.0,2019,10,October
2019-10-09,1027.16,24,30,210.75,2019,10,October
2019-10-10,1129.61,37,58,169.1,2019,10,October
2019-10-11,819.86,41,71,162.21,2019,10,October
2019-10-12,1191.58,33,72,229.01,2019,10,October
2019-10-13,743.19,47,79,102.17,2019,10,October
2019-10-14,942.26,24,48,105.73,2019,10,October
2019-10-15,1024.75,41,67,140.24,2019,10,October
2019-10-16,992.08,30,60,194.12,2019,10,October
2019-10-17,893.85,49,88,99.99,2019,10,October
2019-10-18,940.69,51,106,144.32,2019,10,October
2019-10-19,910.64,29,47,175.62,2019,10,October
2019-10-20,901.38,31,56,116.72,2019,10,October
2019-10-21,1061.05,42,77,180.28,2019,10,October
2019-10-22,1008.31,32,52,115.34,2019,10,October
2019-10-23,894.3,35,47,85.23,2019,10,October
2019-10-24,1071.02,35,45,204.79,2019,10,October
2019-10-25,1007.45,20,24,94.55,2019,10,October
2019-10-26,1064.7,35,73,125.63,2019,10,October
2019-10-27,1046.22,29,42,208.95,2019,10,October
2019-10-28,887.51,31,44,114.05,2019,10,October
2019-10-29,918.85,47,91,198.68,2019,10,October
2019-10-30,1064.5,25,38,231.17,2019,10,October
2019-10-31,1051.31,42,72,123.59,2019,10,October
2019-11-01,1073.79,33,45,92.06,2019,11,November
2019-11-02,1090.96,33,71,194.96,2019,11,November
2019-11-03,1220.61,41,84,174.72,2019,11,November
2019-11-04,1017.05,38,78,95.71,2019,11,November
2019-11-05,1144.4,40,64,204.91,2019,11,November
2019-11-06,1064.12,43,84,89.77,2019,11,November
2019-11-07,1064.61,32,43,214.87,2019,11,November
2019-11-08,1211.65,30,36,120.45,2019,11,November
2019-11-09,1183.85,26,32,115.81,2019,11,November
2019-11-10,1184.85,28,50,123.93,2019,11,November
2019-11-11,1241.32,59,98,266.19,2019,11,November
2019-11-12,1102.43,45,77,195.18,2019,11,November
2019-11-13,1177.57,24,29,226.32,2019,11,November
2019-11-14,1070.9,24,39,145.29,2019,11,November
2019-11-15,1143.2,39,75,145.28,2019,11,November
2019-11-16,1095.77,39,64,123.63,2019,11,November
2019-11-17,1123.35,39,75,165.46,2019,11,November
2019-11-18,1180.77,33,47,185.68,2019,11,November
2019-11-19,1027.96,34,68,173.16,2019,11,November
2019-11-20,1350.82,38,68,156.69,2019,11,November
2019-11-21,1012.73,36,51,215.52,2019,11,November
2019-11-22,992.6,17,24,103.0,2019,11,November
2019-11-23,1256.35,33,60,270.36,2019,11,November
2019-11-24,1218.87,28,57,100.04,2019,11,November
2019-11-25,1203.3,36,58,177.32,2019,11,November
2019-11-26,1206.66,59,86,152.85,2019,11,November
2019-11-27,1139.12,38,79,162.75,2019,11,November
2019-11-28,1044.73,32,60,167.05,2019,11,November
2019-11-29,1154.75,42,69,162.8,2019,11,November
2019-11-30,1074.93,39,66,148.42,2019,11,November
2019-12-01,1219.72,38,53,222.7,2019,12,December
2019-12-02,1099.35,40,73,193.51,2019,12,December
2019-12-03,1027.81,51,79,202.13,2019,12,December
2019-12-04,1086.37,26,57,124.93,2019,12,December
2019-12-05,1170.29,39,66,193.49,2019,12,December
2019-12-06,1066.02,28,47,172.62,2019,12,December
2019-12-07,1040.77,39,69,137.14,2019,12,December
2019-12-08,1161.23,28,59,171.92,2019,12,December
2019-12-09,1164.6,32,64,144.33,2019,12,December
2019-12-10,1085.13,33,54,108.36,2019,12,December
2019-12-11,1092.35,43,83,120.08,2019,12,December
2019-12-12,1172.97,42,75,111.16,2019,12,December
2019-12-13,991.46,25,42,174.13,2019,12,December
2019-12-14,999.25,35,49,172.37,2019,12,December
2019-12-15,1078.37,29,48,229.78,2019,12,December
2019-12-16,1137.27,25,36,207.16,2019,12,December
2019-12-17,1198.31,33,70,104.6,2019,12,December
2019-12-18,1329.78,33,51,271.0,2019,12,December
2019-12-19,1265.22,54,116,254.02,2019,12,December
2019-12-20,1156.68,38,66,164.32,2019,12,December
2019-12-21,1175.59,24,44,190.47,2019,12,December
2019-12-22,1070.82,30,52,231.99,2019,12,December
2019-12-23,1182.49,43,57,182.72,2019,12,December
2019-12-24,1156.21,52,82,239.04,2019,12,December
2019-12-25,1226.9,22,29,112.42,2019,12,December
2019-12-26,1103.85,20,36,117.83,2019,12,December
2019-12-27,1255.43,50,82,177.9,2019,12,December
2019-12-28,1370.36,38,75,221.81,2019,12,December
2019-12-29,1193.25,28,40,231.81,2019,12,December
2019-12-30,1252.86,39,53,273.57,2019,12,December
2019-12-31,1288.05,14,22,173.16,2019,12,December
2020-01-01,912.23,35,74,79.03,2020,1,January
2020-01-02,984.48,38,73,189.18,2020,1,January
2020-01-03,964.67,42,68,158.8,2020,1,January
2020-01-04,977.49,27,46,105.37,2020,1,January
2020-01-05,885.17,36,46,132.13,2020,1,January
2020-01-06,976.34,28,61,179.57,2020,1,January
2020-01-07,1031.87,37,69,193.84,2020,1,January
2020-01-08,1140.15,28,42,170.96,2020,1,January
2020-01-09,1089.47,32,57,133.71,2020,1,January
2020-01-10,1224.22,27,35,264.83,2020,1,January
2020-01-11,906.37,40,87,156.68,2020,1,January
2020-01-12,1090.14,42,58,149.52,2020,1,January
2020-01-13,1017.74,33,61,121.38,2020,1,January
2020-01-14,1241.83,35,51,226.45,2020,1,January
2020-01-15,915.4,23,44,104.27,2020,1,January
2020-01-16,915.3,33,65,95.23,2020,1,January
2020-01-17,945.07,35,66,145.71,2020,1,January
2020-01-18,780.7,56,102,94.15,2020,1,January
2020-01-19,959.8,26,54,161.29,2020,1,January
2020-01-20,937.42,47,60,90.47,2020,1,January
2020-01-21,1040.74,43,66,178.69,2020,1,January
2020-01-22,1065.04,37,54,127.44,2020,1,January
2020-01-23,1237.06,49,107,99.01,2020,1,January
2020-01-24,1138.44,38,60,111.31,2020,1,January
2020-01-25,973.62,38,73,205.15,2020,1,January
2020-01-26,941.43,35,66,189.63,2020,1,January
2020-01-27,1097.51,45,64,123.7,2020,1,January
2020-01-28,901.29,44,63,170.32,2020,1,January
2020-01-29,1251.07,30,44,206.68,2020,1,January
2020-01-30,1182.42,24,39,255.32,2020,1,January
2020-01-31,1004.12,33,47,132.85,2020,1,January
2020-02-01,910.3,29,35,159.67,2020,2,February
2020-02-02,1250.66,34,71,111.18,2020,2,February
2020-02-03,1092.1,45,97,147.95,2020,2,February
2020-02-04,1243.79,31,48,267.33,2020,2,February
2020-02-05,935.15,35,54,145.38,2020,2,February
2020-02-06,1047.47,35,42,126.01,2020,2,February
2020-02-07,1116.82,42,79,108.15,2020,2,February
2020-02-08,1124.22,17,34,200.67,2020,2,February
2020-02-09,1072.32,30,40,182.59,2020,2,February
2020-02-10,1193.08,37,50,157.91,2020,2,February
2020-02-11,1009.83,45,90,215.23,2020,2,February
2020-02-12,1114.28,31,56,92.61,2020,2,February
2020-02-13,1145.81,20,25,140.39,2020,2,February
2020-02-14,1191.76,40,73,249.02,2020,2,February
2020-02-15,1216.01,30,45,151.92,2020,2,February
2020-02-16,1016.54,25,39,117.22,2020,2,February
2020-02-17,973.99,30,59,150.76,2020,2,February
2020-02-18,1285.73,34,68,251.14,2020,2,February
2020-02-19,1184.14,30,48,111.83,2020,2,February
2020-02-20,1067.62,17,37,226.36,2020,2,February
2020-02-21,1322.91,42,67,253.09,2020,2,February
2020-02-22,1167.28,45,89,123.0,2020,2,February
2020-02-23,1286.52,40,67,231.16,2020,2,February
2020-02-24,1166.43,26,55,156.18,2020,2,February
2020-02-25,1387.83,33,70,189.19,2020,2,February
2020-02-26,1356.35,35,45,257.25,2020,2,February
2020-02-27,1137.94,40,85,244.42,2020,2,February
2020-02-28,1274.22,40,81,124.53,2020,2,February
2020-02-29,1240.32,29,58,172.27,2020,2,February
2020-03-01,1381.81,36,50,203.58,2020,3,March
2020-03-02,1127.0,39,78,149.53,2020,3,March
2020-03-03,1310.45,47,96,171.47,2020,3,March
2020-03-04,1353.2,41,61,118.16,2020,3,March
2020-03-05,1045.05,41,88,183.9,2020,3,March
2020-03-06,1110.05,36,45,156.59,2020,3,March
2020-03-07,1017.54,46,62,109.15,2020,3,March
2020-03-08,1213.82,38,66,235.78,2020,3,March
2020-03-09,1323.93,28,50,254.67,2020,3,March
2020-03-10,1411.76,46,85,209.07,2020,3,March
2020-03-11,1256.1,41,50,152.97,2020,3,March
2020-03-12,1428.5,31,67,241.89,2020,3,March
2020-03-13,1098.89,31,39,132.24,2020,3,March
2020-03-14,1064.63,37,50,120.35,2020,3,March
2020-03-15,1247.14,39,47,227.32,2020,3,March
2020-03-16,1296.7,37,65,111.06,2020,3,March
2020-03-17,1252.0,37,79,116.77,2020,3,March
2020-03-18,1029.27,49,91,83.32,2020,3,March
2020-03-19,1247.93,44,89,126.56,2020,3,March
2020-03-20,1115.23,37,45,99.99,2020,3,March
2020-03-21,1333.32,43,75,292.55,2020,3,March
2020-03-22,1300.87,27,45,156.67,2020,3,March
2020-03-23,1157.99,38,65,116.84,2020,3,March
2020-03-24,1205.63,49,62,137.13,2020,3,March
2020-03-25,1146.37,33,62,241.95,2020,3,March
2020-03-26,1256.66,28,48,192.05,2020,3,March
2020-03-27,1369.24,30,59,179.47,2020,3,March
2020-03-28,1156.32,26,44,233.89,2020,3,March
2020-03-29,1320.71,29,39,178.69,2020,3,March
2020-03-30,1207.39,32,59,153.22,2020,3,March
2020-03-31,1178.92,24,33,128.53,2020,3,March
2020-04-01,1274.71,35,73,169.4,2020,4,April
2020-04-02,1172.91,42,76,145.83,2020,4,April
2020-04-03,1226.14,28,38,214.36,2020,4,April
2020-04-04,1155.47,47,102,139.28,2020,4,April
2020-04-05,1503.49,39,67,241.77,2020,4,April
2020-04-06,1291.34,43,55,115.22,2020,4,April
2020-04-07,1210.53,30,55,129.26,2020,4,April
2020-04-08,1311.02,42,61,179.66,2020,4,April
2020-04-09,1275.06,26,52,269.26,2020,4,April
2020-04-10,1262.99,42,85,167.74,2020,4,April
2020-04-11,1354.68,36,78,234.32,2020,4,April
2020-04-12,1370.22,39,66,158.55,2020,4,April
2020-04-13,1228.26,26,43,120.11,2020,4,April
2020-04-14,1222.94,28,55,107.86,2020,4,April
2020-04-15,1255.64,40,53,154.14,2020,4,April
2020-04-16,1032.25,27,47,105.36,2020,4,April
2020-04-17,1118.3,39,68,116.71,2020,4,April
2020-04-18,1434.79,24,31,267.6,2020,4,April
2020-04-19,1464.8,42,68,120.43,2020,4,April
2020-04-20,1255.82,25,51,198.54,2020,4,April
2020-04-21,1345.94,39,80,179.18,2020,4,April
2020-04-22,1316.02,40,52,198.61,2020,4,April
2020-04-23,1619.67,29,37,257.2,2020,4,April
2020-04-24,1403.31,40,59,173.83,2020,4,April
2020-04-25,1265.2,37,77,153.49,2020,4,April
2020-04-26,1173.23,31,41,214.32,2020,4,April
2020-04-27,1100.65,27,52,222.31,2020,4,April
2020-04-28,1298.71,19,25,138.91,2020,4,April
2020-04-29,1192.05,38,69,111.66,2020,4,April
2020-04-30,1117.67,22,34,229.9,2020,4,April
2020-05-01,1231.83,36,72,158.89,2020,5,May
2020-05-02,1182.76,33,47,185.91,2020,5,May
2020-05-03,1486.05,40,74,193.69,2020,5,May
2020-05-04,1396.14,33,47,136.28,2020,5,May
2020-05-05,1296.93,32,61,210.76,2020,5,May
2020-05-06,1459.2,41,85,224.02,2020,5,May
2020-05-07,1303.48,38,50,141.32,2020,5,May
2020-05-08,1198.75,38,79,171.73,2020,5,May
2020-05-09,1459.51,39,70,279.6,2020,5,May
2020-05-10,1349.67,23,31,219.54,2020,5,May
2020-05-11,1174.69,41,67,109.91,2020,5,May
2020-05-12,1266.2,40,54,198.44,2020,5,May
2020-05-13,1189.13,27,51,212.12,2020,5,May
2020-05-14,1131.61,33,65,216.11,2020,5,May
2020-05-15,1383.83,35,46,232.59,2020,5,May
2020-05-16,1490.18,34,58,151.06,2020,5,May
2020-05-17,1124.45,38,77,201.75,2020,5,May
2020-05-18,1338.34,46,98,233.98,2020,5,May
2020-05-19,1202.93,44,75,100.35,2020,5,May
2020-05-20,1218.96,25,54,167.78,2020,5,May
2020-05-21,1205.39,40,69,152.62,2020,5,May
2020-05-22,1173.49,46,73,203.86,2020,5,May
2020-05-23,1271.82,38,78,140.23,2020,5,May
2020-05-24,1172.98,44,74,190.87,2020,5,May
2020-05-25,1292.02,51,85,268.54,2020,5,May
2020-05-26,1254.59,43,73,240.5,2020,5,May
2020-05-27,1231.65,37,76,257.42,2020,5,May
2020-05-28,1155.89,43,87,250.82,2020,5,May
2020-05-29,1190.03,36,58,96.98,2020,5,May
2020-05-30,1334.3,35,54,223.07,2020,5,May
2020-05-31,1304.01,32,54,179.69,2020,5,May
2020-06-01,1159.05,48,85,232.25,2020,6,June
2020-06-02,1275.16,28,40,146.97,2020,6,June
2020-06-03,1344.51,47,94,292.22,2020,6,June
2020-06-04,1075.82,39,66,178.5,2020,6,June
2020-06-05,1316.8,24,37,251.63,2020,6,June
2020-06-06,1181.7,38,50,108.7,2020,6,June
2020-06-07,1314.89,18,26,138.96,2020,6,June
2020-06-08,1165.67,40,86,217.02,2020,6,June
2020-06-09,1048.58,42,63,87.11,2020,6,June
2020-06-10,1065.56,30,41,207.11,2020,6,June
2020-06-11,1247.33,36,60,102.22,2020,6,June
2020-06-12,1268.05,51,77,218.1,2020,6,June
2020-06-13,1137.42,31,38,149.13,2020,6,June
2020-06-14,1304.54,27,41,216.04,2020,6,June
2020-06-15,1048.92,47,82,186.12,2020,6,June
2020-06-16,1221.79,51,89,156.32,2020,6,June
2020-06-17,1093.21,35,54,103.98,2020,6,June
2020-06-18,1152.06,43,71,103.4,2020,6,June
2020-06-19,1226.32,46,100,199.22,2020,6,June
2020-06-20,1123.78,29,46,171.82,2020,6,June
2020-06-21,1173.44,31,45,215.81,2020,6,June
2020-06-22,1323.74,45,65,200.37,2020,6,June
2020-06-23,1146.89,48,80,159.58,2020,6,June
2020-06-24,1299.57,40,78,176.39,2020,6,June
2020-06-25,1080.66,28,39,90.45,2020,6,June
2020-06-26,1260.48,51,97,160.05,2020,6,June
2020-06-27,1358.06,31,38,294.21,2020,6,June
2020-06-28,924.88,32,52,187.1,2020,6,June
2020-06-29,1106.37,38,75,139.53,2020,6,June
2020-06-30,1254.77,47,72,203.64,2020,6,June
2020-07-01,1136.23,42,74,225.68,2020,7,July
2020-07-02,1196.66,38,53,169.66,2020,7,July
2020-07-03,1086.67,39,76,89.67,2020,7,July
2020-07-04,1159.9,35,44,104.89,2020,7,July
2020-07-05,1130.53,39,80,171.22,2020,7,July
2020-07-06,1273.39,15,21,274.7,2020,7,July
2020-07-07,1170.2,33,68,207.18,2020,7,July
2020-07-08,1176.64,37,57,105.81,2020,7,July
2020-07-09,1091.5,26,50,116.26,2020,7,July
2020-07-10,1080.47,38,58,203.11,2020,7,July
2020-07-11,1083.84,33,69,214.39,2020,7,July
2020-07-12,1172.13,49,65,195.13,2020,7,July
2020-07-13,1079.77,48,66,183.8,2020,7,July
2020-07-14,1155.3,31,52,97.01,2020,7,July
2020-07-15,1349.07,34,44,264.41,2020,7,July
2020-07-16,1213.97,34,47,231.09,2020,7,July
2020-07-17,1079.67,31,66,125.53,2020,7,July
2020-07-18,1245.06,37,81,223.13,2020,7,July
2020-07-19,1065.46,29,46,117.29,2020,7,July
2020-07-20,883.58,26,55,75.68,2020,7,July
2020-07-21,994.33,40,70,107.55,2020,7,July
2020-07-22,896.9,40,59,94.18,2020,7,July
2020-07-23,1061.51,29,55,135.11,2020,7,July
2020-07-24,1099.71,42,78,152.4,2020,7,July
2020-07-25,1279.61,30,66,193.47,2020,7,July
2020-07-26,1128.72,37,54,165.63,2020,7,July
2020-07-27,1066.22,42,79,125.7,2020,7,July
2020-07-28,1179.15,35,44,99.15,2020,7,July
2020-07-29,842.31,39,51,138.74,2020,7,July
2020-07-30,1109.1,31,37,150.18,2020,7,July
2020-07-31,1165.64,33,73,141.99,2020,7,July
2020-08-01,935.9,33,66,188.46,2020,8,August
2020-08-02,1222.08,29,58,225.53,2020,8,August
2020-08-03,1131.25,34,58,226.35,2020,8,August
2020-08-04,1046.11,23,35,156.18,2020,8,August
2020-08-05,1159.21,31,42,113.99,2020,8,August
2020-08-06,1337.22,33,49,237.32,2020,8,August
2020-08-07,1105.32,33,52,120.31,2020,8,August
2020-08-08,1110.52,33,65,157.44,2020,8,August
2020-08-09,1030.63,35,61,91.83,2020,8,August
2020-08-10,985.64,39,50,192.74,2020,8,August
2020-08-11,1168.46,42,51,114.08,2020,8,August
2020-08-12,981.0,30,39,202.51,2020,8,August
2020-08-13,1081.11,25,40,217.29,2020,8,August
2020-08-14,1018.81,27,58,147.77,2020,8,August
2020-08-15,1122.18,31,57,206.72,2020,8,August
2020-08-16,1104.38,32,64,184.12,2020,8,August
2020-08-17,1180.03,29,48,227.07,2020,8,August
2020-08-18,1008.06,25,39,141.58,2020,8,August
2020-08-19,1032.78,31,41,196.24,2020,8,August
2020-08-20,953.14,36,75,137.96,2020,8,August
2020-08-21,1010.31,40,79,213.92,2020,8,August
2020-08-22,1099.11,31,42,162.77,2020,8,August
2020-08-23,1139.34,32,55,164.94,2020,8,August
2020-08-24,953.14,28,47,181.01,2020,8,August
2020-08-25,1148.78,35,64,224.04,2020,8,August
2020-08-26,1200.84,28,60,189.29,2020,8,August
2020-08-27,1095.83,40,71,115.25,2020,8,August
2020-08-28,1255.48,21,37,182.65,2020,8,August
2020-08-29,962.64,32,40,207.48,2020,8,August
2020-08-30,909.62,37,47,168.66,2020,8,August
2020-08-31,849.69,36,50,164.47,2020,8,August
2020-09-01,1228.77,57,70,103.95,2020,9,September
2020-09-02,1135.1,38,74,165.16,2020,9,September
2020-09-03,1055.96,27,52,180.07,2020,9,September
2020-09-04,1091.88,34,45,214.23,2020,9,September
2020-09-05,936.33,21,43,81.37,2020,9,September
2020-09-06,1328.27,34,46,264.78,2020,9,September
2020-09-07,1072.6,28,42,168.16,2020,9,September
2020-09-08,1069.62,42,61,115.12,2020,9,September
2020-09-09,1136.67,31,49,141.42,2020,9,September
2020-09-10,1109.04,34,49,132.5,2020,9,September
2020-09-11,1080.11,30,51,166.68,2020,9,September
2020-09-12,967.93,49,79,84.44,2020,9,September
2020-09-13,1106.19,32,70,113.05,2020,9,September
2020-09-14,1260.86,50,63,244.33,2020,9,September
2020-09-15,1201.38,42,56,118.41,2020,9,September
2020-09-16,1228.24,39,49,138.39,2020,9,September
2020-09-17,996.41,38,69,142.96,2020,9,September
2020-09-18,943.5,38,48,143.79,2020,9,September
2020-09-19,1038.28,20,41,194.06,2020,9,September
2020-09-20,1058.06,33,56,150.91,2020,9,September
2020-09-21,1172.15,42,73,223.39,2020,9,September
2020-09-22,865.54,35,62,144.17,2020,9,September
2020-09-23,1219.93,24,33,116.91,2020,9,September
2020-09-24,1034.32,35,49,105.38,2020,9,September
2020-09-25,1004.82,49,74,141.87,2020,9,September
2020-09-26,940.57,45,81,127.51,2020,9,September
2020-09-27,870.05,35,49,160.17,2020,9,September
2020-09-28,1142.87,43,57,184.35,2020,9,September
2020-09-29,1060.68,32,69,142.49,2020,9,September
2020-09-30,911.06,21,26,94.67,2020,9,September
2020-10-01,940.89,28,56,105.15,2020,10,October
2020-10-02,1046.86,48,95,168.09,2020,10,October
2020-10-03,1267.89,33,49,176.59,2020,10,October
2020-10-04,1056.3,33,44,160.65,2020,10,October
2020-10-05,920.12,33,44,95.6,2020,10,October
2020-10-06,1059.09,50,95,183.02,2020,10,October
2020-10-07,1056.84,48,88,210.69,2020,10,October
2020-10-08,790.94,53,105,91.84,2020,10,October
2020-10-09,1082.45,34,73,161.08,2020,10,October
2020-10-10,1063.89,37,70,230.41,2020,10,October
2020-10-11,1166.8,23,31,147.78,2020,10,October
2020-10-12,1294.58,47,68,211.41,2020,10,October
2020-10-13,1216.15,26,53,112.65,2020,10,October
2020-10-14,1063.73,37,52,175.35,2020,10,October
2020-10-15,972.72,26,33,90.02,2020,10,October
2020-10-16,1378.69,30,57,295.44,2020,10,October
2020-10-17,1103.37,28,45,198.82,2020,10,October
2020-10-18,1099.68,30,64,209.32,2020,10,October
2020-10-19,1096.83,31,57,195.87,2020,10,October
2020-10-20,1122.66,31,40,182.5,2020,10,October
2020-10-21,1086.43,42,90,155.35,2020,10,October
2020-10-22,1040.69,26,38,208.32,2020,10,October
2020-10-23,1045.18,37,57,223.62,2020,10,October
2020-10-24,1103.31,45,72,165.35,2020,10,October
2020-10-25,1048.78,31,39,220.68,2020,10,October
2020-10-26,1031.82,29,49,166.81,2020,10,October
2020-10-27,1123.67,33,44,174.59,2020,10,October
2020-10-28,1085.7,44,70,155.94,2020,10,October
2020-10-29,1281.01,37,57,140.01,2020,10,October
2020-10-30,825.84,31,61,66.5,2020,10,October
2020-10-31,1239.43,39,78,141.06,2020,10,October
2020-11-01,1348.4,26,35,204.1,2020,11,November
2020-11-02,985.27,40,63,131.23,2020,11,November
2020-11-03,1177.7,38,60,168.16,2020,11,November
2020-11-04,1176.64,33,45,255.67,2020,11,November
2020-11-05,1064.81,28,56,137.4,2020,11,November
2020-11-06,1136.26,28,53,162.83,2020,11,November
2020-11-07,1101.89,39,54,108.75,2020,11,November
2020-11-08,1419.08,45,71,123.05,2020,11,November
2020-11-09,1331.56,30,39,251.08,2020,11,November
2020-11-10,1370.86,39,71,219.19,2020,11,November
2020-11-11,1312.77,18,24,244.83,2020,11,November
2020-11-12,1111.63,30,66,112.25,2020,11,November
2020-11-13,1180.6,35,69,188.96,2020,11,November
2020-11-14,1294.64,28,45,149.54,2020,11,November
2020-11-15,1108.93,28,50,124.12,2020,11,November
2020-11-16,1324.38,30,63,108.09,2020,11,November
2020-11-17,1222.14,37,65,120.07,2020,11,November
2020-11-18,1210.01,34,47,149.19,2020,11,November
2020-11-19,1332.14,17,27,128.37,2020,11,November
2020-11-20,1305.53,18,37,284.63,2020,11,November
2020-11-21,1219.72,30,55,150.28,2020,11,November
2020-11-22,1389.76,39,72,136.54,2020,11,November
2020-11-23,1146.14,13,27,123.64,2020,11,November
2020-11-24,1335.68,31,65,216.75,2020,11,November
2020-11-25,1336.06,31,66,118.86,2020,11,November
2020-11-26,1239.69,46,60,248.86,2020,11,November
2020-11-27,1312.57,32,56,281.69,2020,11,November
2020-11-28,1142.06,38,74,130.82,2020,11,November
2020-11-29,1384.33,36,70,197.98,2020,11,November
2020-11-30,1265.39,18,33,105.15,2020,11,November
2020-12-01,1191.29,41,56,202.16,2020,12,December
2020-12-02,1367.28,37,74,188.62,2020,12,December
2020-12-03,1177.52,39,75,138.72,2020,12,December
2020-12-04,1103.21,66,85,120.2,2020,12,December
2020-12-05,1090.07,18,30,187.02,2020,12,December
2020-12-06,1331.15,49,67,184.06,2020,12,December
2020-12-07,1126.85,33,51,118.49,2020,12,December
2020-12-08,1463.95,37,45,258.35,2020,12,December
2020-12-09,1045.16,35,56,166.3,2020,12,December
2020-12-10,1464.05,32,56,293.12,2020,12,December
2020-12-11,1303.93,30,55,125.76,2020,12,December
2020-12-12,1273.38,38,71,241.93,2020,12,December
2020-12-13,1227.4,23,47,213.93,2020,12,December
2020-12-14,1334.58,41,58,128.26,2020,12,December
2020-12-15,1289.88,32,42,228.66,2020,12,December
2020-12-16,1418.75,26,53,201.2,2020,12,December
2020-12-17,1313.32,31,42,278.82,2020,12,December
2020-12-18,1320.68,45,98,131.84,2020,12,December
2020-12-19,1267.55,31,63,215.48,2020,12,December
2020-12-20,1304.69,38,65,174.15,2020,12,December
2020-12-21,1348.23,29,63,288.46,2020,12,December
2020-12-22,1129.68,41,53,142.56,2020,12,December
2020-12-23,1172.93,40,60,251.84,2020,12,December
2020-12-24,1406.43,50,92,290.02,2020,12,December
2020-12-25,1346.92,34,53,158.74,2020,12,December
2020-12-26,1311.33,40,85,252.43,2020,12,December
2020-12-27,1337.05,36,46,293.33,2020,12,December
2020-12-28,1376.72,45,79,158.84,2020,12,December
2020-12-29,1282.57,29,52,181.03,2020,12,December
2020-12-30,1259.79,41,76,192.53,2020,12,December
2020-12-31,1370.41,33,48,166.22,2020,12,December
2021-01-01,982.39,34,53,80.69,2021,1,January
2021-01-02,1138.37,36,74,126.15,2021,1,January
2021-01-03,909.64,37,52,108.68,2021,1,January
2021-01-04,1213.59,34,69,172.46,2021,1,January
2021-01-05,1155.82,37,65,120.15,2021,1,January
2021-01-06,1135.44,48,94,229.65,2021,1,January
2021-01-07,1218.82,43,82,217.79,2021,1,January
2021-01-08,1297.36,42,59,119.26,2021,1,January
2021-01-09,1229.17,31,55,210.2,2021,1,January
2021-01-10,918.51,28,58,157.54,2021,1,January
2021-01-11,983.67,43,70,210.38,2021,1,January
2021-01-12,1059.09,42,91,85.18,2021,1,January
2021-01-13,1134.08,47,78,130.09,2021,1,January
2021-01-14,1191.53,30,40,250.09,2021,1,January
2021-01-15,1058.12,33,52,222.73,2021,1,January
2021-01-16,1161.85,22,47,210.16,2021,1,January
2021-01-17,1061.55,32,49,198.73,2021,1,January
2021-01-18,1080.7,43,89,100.3,2021,1,January
2021-01-19,996.54,31,65,151.42,2021,1,January
2021-01-20,1053.01,40,62,118.38,2021,1,January
2021-01-21,1009.15,33,42,106.33,2021,1,January
2021-01-22,1053.74,38,73,203.84,2021,1,January
2021-01-23,1280.22,26,39,126.62,2021,1,January
2021-01-24,1063.1,36,71,154.8,2021,1,January
2021-01-25,1460.28,11,18,308.7,2021,1,January
2021-01-26,1228.15,34,57,130.2,2021,1,January
2021-01-27,1197.37,22,44,259.73,2021,1,January
2021-01-28,1085.74,45,71,237.99,2021,1,January
2021-01-29,1260.29,41,67,198.86,2021,1,January
2021-01-30,1123.0,39,61,116.59,2021,1,January
2021-01-31,1202.79,47,74,149.45,2021,1,January
2021-02-01,1514.0,27,47,211.1,2021,2,February
2021-02-02,1224.81,49,98,151.03,2021,2,February
2021-02-03,1364.76,42,66,162.8,2021,2,February
2021-02-04,1163.92,33,57,251.54,2021,2,February
2021-02-05,1240.32,44,82,125.86,2021,2,February
2021-02-06,1441.83,26,38,263.37,2021,2,February
2021-02-07,1180.92,28,41,94.54,2021,2,February
2021-02-08,1452.06,30,64,237.36,2021,2,February
2021-02-09,1333.32,31,60,277.64,2021,2,February
2021-02-10,1196.33,27,48,143.93,2021,2,February
2021-02-11,1330.47,45,83,140.99,2021,2,February
2021-02-12,1370.56,33,41,234.69,2021,2,February
2021-02-13,1334.61,38,69,239.92,2021,2,February
2021-02-14,1096.09,30,51,193.27,2021,2,February
2021-02-15,1191.39,20,35,148.57,2021,2,February
2021-02-16,1246.67,37,58,143.75,2021,2,February
2021-02-17,1268.19,20,26,271.18,2021,2,February
2021-02-18,1347.1,34,47,281.9,2021,2,February
2021-02-19,1300.77,24,52,187.34,2021,2,February
2021-02-20,1136.7,51,82,225.6,2021,2,February
2021-02-21,1327.74,42,70,190.3,2021,2,February
2021-02-22,1355.36,36,45,188.96,2021,2,February
2021-02-23,1352.02,45,56,137.83,2021,2,February
2021-02-24,1411.52,28,54,197.18,2021,2,February
2021-02-25,1386.52,39,68,215.24,2021,2,February
2021-02-26,1347.41,37,63,112.04,2021,2,February
2021-02-27,1291.25,37,53,183.58,2021,2,February
2021-02-28,1118.28,45,88,211.79,2021,2,February
2021-03-01,1410.22,41,56,247.08,2021,3,March
2021-03-02,1387.74,37,51,234.42,2021,3,March
2021-03-03,1396.65,22,37,289.58,2021,3,March
2021-03-04,1228.18,27,40,101.35,2021,3,March
2021-03-05,1251.49,34,49,197.72,2021,3,March
2021-03-06,1488.0,36,66,283.06,2021,3,March
2021-03-07,1369.5,26,48,213.35,2021,3,March
2021-03-08,1450.46,54,109,181.81,2021,3,March
2021-03-09,1380.21,47,76,136.74,2021,3,March
2021-03-10,1381.91,40,51,282.27,2021,3,March
2021-03-11,1483.35,36,53,216.43,2021,3,March
2021-03-12,1324.83,33,72,268.86,2021,3,March
2021-03-13,1393.57,27,48,225.79,2021,3,March
2021-03-14,1333.49,36,69,232.54,2021,3,March
2021-03-15,1337.85,37,45,257.67,2021,3,March
2021-03-16,1352.88,25,43,233.08,2021,3,March
2021-03-17,1412.52,38,47,191.72,2021,3,March
2021-03-18,1336.57,34,60,203.04,2021,3,March
2021-03-19,1528.46,20,42,294.12,2021,3,March
2021-03-20,1292.96,28,61,171.07,2021,3,March
2021-03-21,1371.8,32,56,184.28,2021,3,March
2021-03-22,1344.93,50,83,125.61,2021,3,March
2021-03-23,1553.35,39,84,323.16,2021,3,March
2021-03-24,1416.63,24,45,131.39,2021,3,March
2021-03-25,1509.3,39,49,257.71,2021,3,March
2021-03-26,1233.11,23,38,169.98,2021,3,March
2021-03-27,1426.57,44,63,195.14,2021,3,March
2021-03-28,1495.68,31,52,261.95,2021,3,March
2021-03-29,1407.44,34,56,125.82,2021,3,March
2021-03-30,1516.1,46,82,247.3,2021,3,March
2021-03-31,1342.46,25,39,252.5,2021,3,March
2021-04-01,1574.8,24,33,308.58,2021,4,April
2021-04-02,1673.0,30,51,173.78,2021,4,April
2021-04-03,1380.51,43,87,283.89,2021,4,April
2021-04-04,1371.67,23,43,235.74,2021,4,April
2021-04-05,1580.74,12,18,321.62,2021,4,April
2021-04-06,1594.77,31,66,235.93,2021,4,April
2021-04-07,1363.59,39,82,212.56,2021,4,April
2021-04-08,1374.92,45,63,286.9,2021,4,April
2021-04-09,1390.12,31,38,286.35,2021,4,April
2021-04-10,1273.16,32,62,181.73,2021,4,April
2021-04-11,1319.88,44,89,156.3,2021,4,April
2021-04-12,1310.3,20,43,176.95,2021,4,April
2021-04-13,1336.07,32,67,179.42,2021,4,April
2021-04-14,1416.43,37,67,170.2,2021,4,April
2021-04-15,1445.68,39,67,170.01,2021,4,April
2021-04-16,1590.09,31,38,318.89,2021,4,April
2021-04-17,1309.28,35,51,117.55,2021,4,April
2021-04-18,1526.89,15,25,267.0,2021,4,April
2021-04-19,1394.54,30,55,145.3,2021,4,April
2021-04-20,1412.05,39,69,181.07,2021,4,April
2021-04-21,1491.08,27,52,132.13,2021,4,April
2021-04-22,1292.66,35,52,152.27,2021,4,April
2021-04-23,1457.49,39,69,273.39,2021,4,April
2021-04-24,1432.94,32,41,292.18,2021,4,April
2021-04-25,1467.97,36,58,162.96,2021,4,April
2021-04-26,1444.72,27,53,209.34,2021,4,April
2021-04-27,1682.06,33,62,245.32,2021,4,April
2021-04-28,1340.84,40,88,271.25,2021,4,April
2021-04-29,1351.55,36,53,252.46,2021,4,April
2021-04-30,1340.34,30,51,203.5,2021,4,April
2021-05-01,1376.66,37,57,239.41,2021,5,May
2021-05-02,1366.47,41,67,271.42,2021,5,May
2021-05-03,1566.16,19,39,127.38,2021,5,May
2021-05-04,1590.36,44,83,216.93,2021,5,May
2021-05-05,1370.02,32,67,283.61,2021,5,May
2021-05-06,1339.89,38,53,246.06,2021,5,May
2021-05-07,1481.9,45,93,231.17,2021,5,May
2021-05-08,1367.86,24,30,210.86,2021,5,May
2021-05-09,1496.75,29,61,192.61,2021,5,May
2021-05-10,1447.92,33,50,221.35,2021,5,May
2021-05-11,1257.3,29,44,215.95,2021,5,May
2021-05-12,1592.65,49,84,220.69,2021,5,May
2021-05-13,1618.32,28,60,291.27,2021,5,May
2021-05-14,1351.68,31,39,271.11,2021,5,May
2021-05-15,1374.71,37,57,139.75,2021,5,May
2021-05-16,1447.03,25,51,207.24,2021,5,May
2021-05-17,1450.57,32,51,198.91,2021,5,May
2021-05-18,1484.37,38,53,261.61,2021,5,May
2021-05-19,1631.18,32,52,187.56,2021,5,May
2021-05-20,1388.67,34,54,235.57,2021,5,May
2021-05-21,1318.37,31,66,267.43,2021,5,May
2021-05-22,1252.47,23,45,173.52,2021,5,May
2021-05-23,1321.77,38,65,274.32,2021,5,May
2021-05-24,1396.47,49,107,305.89,2021,5,May
2021-05-25,1595.43,35,58,151.33,2021,5,May
2021-05-26,1338.97,37,47,150.8,2021,5,May
2021-05-27,1418.37,41,60,302.19,2021,5,May
2021-05-28,1389.76,25,41,297.64,2021,5,May
2021-05-29,1520.08,49,66,142.4,2021,5,May
2021-05-30,1665.08,37,79,136.7,2021,5,May
2021-05-31,1326.45,48,94,136.03,2021,5,May
2021-06-01,1348.71,29,43,295.96,2021,6,June
2021-06-02,1515.08,50,90,159.39,2021,6,June
2021-06-03,1472.88,41,79,221.46,2021,6,June
2021-06-04,1598.63,39,84,317.77,2021,6,June
2021-06-05,1457.33,37,77,120.75,2021,6,June
2021-06-06,1351.15,33,57,222.44,2021,6,June
2021-06-07,1453.2,45,89,172.62,2021,6,June
2021-06-08,1507.71,36,63,302.64,2021,6,June
2021-06-09,1473.52,19,33,176.36,2021,6,June
2021-06-10,1436.56,26,34,253.04,2021,6,June
2021-06-11,1495.56,34,45,260.81,2021,6,June
2021-06-12,1504.3,37,64,166.99,2021,6,June
2021-06-13,1525.15,35,51,129.44,2021,6,June
2021-06-14,1441.89,45,55,197.96,2021,6,June
2021-06-15,1349.55,19,37,162.6,2021,6,June
2021-06-16,1381.46,36,44,266.98,2021,6,June
2021-06-17,1495.41,20,36,287.19,2021,6,June
2021-06-18,1270.19,41,71,182.89,2021,6,June
2021-06-19,1397.96,34,74,230.54,2021,6,June
2021-06-20,1311.47,38,64,215.86,2021,6,June
2021-06-21,1355.23,28,35,265.36,2021,6,June
2021-06-22,1490.01,45,79,207.86,2021,6,June
2021-06-23,1367.71,43,88,162.16,2021,6,June
2021-06-24,1349.09,40,88,157.99,2021,6,June
2021-06-25,1191.69,34,55,184.79,2021,6,June
2021-06-26,1420.65,40,61,202.98,2021,6,June
2021-06-27,1406.85,29,61,199.23,2021,6,June
2021-06-28,1571.08,42,58,145.73,2021,6,June
2021-06-29,1296.54,48,87,234.16,2021,6,June
2021-06-30,1351.77,44,71,148.59,2021,6,June
2021-07-01,1322.37,29,36,142.25,2021,7,July
2021-07-02,1465.72,38,59,201.96,2021,7,July
2021-07-03,1278.99,25,37,143.1,2021,7,July
2021-07-04,1317.43,40,75,213.08,2021,7,July
2021-07-05,1350.88,39,84,178.32,2021,7,July
2021-07-06,1301.82,20,29,185.96,2021,7,July
2021-07-07,1229.46,26,52,190.82,2021,7,July
2021-07-08,1297.2,33,41,140.74,2021,7,July
2021-07-09,1391.24,33,57,141.64,2021,7,July
2021-07-10,1157.53,25,32,235.28,2021,7,July
2021-07-11,1282.37,38,81,180.46,2021,7,July
2021-07-12,1188.05,37,73,163.59,2021,7,July
2021-07-13,1393.84,33,61,118.46,2021,7,July
2021-07-14,1092.17,29,59,163.52,2021,7,July
2021-07-15,1195.58,43,79,188.4,2021,7,July
2021-07-16,1295.91,48,104,205.06,2021,7,July
2021-07-17,1423.99,31,59,254.87,2021,7,July
2021-07-18,1241.94,30,64,130.21,2021,7,July
2021-07-19,1185.5,39,67,136.7,2021,7,July
2021-07-20,1450.91,32,42,280.75,2021,7,July
2021-07-21,1082.13,34,59,230.07,2021,7,July
2021-07-22,996.99,41,54,98.73,2021,7,July
2021-07-23,1284.73,20,36,192.29,2021,7,July
2021-07-24,1178.59,46,77,129.63,2021,7,July
2021-07-25,1118.98,36,66,98.93,2021,7,July
2021-07-26,1306.76,32,39,164.09,2021,7,July
2021-07-27,1253.21,34,47,125.47,2021,7,July
2021-07-28,1161.91,35,59,208.44,2021,7,July
2021-07-29,1080.72,21,45,167.21,2021,7,July
2021-07-30,1315.14,47,74,131.69,2021,7,July
2021-07-31,1288.34,35,57,104.73,2021,7,July
2021-08-01,1223.58,39,75,236.32,2021,8,August
2021-08-02,1435.31,43,78,150.23,2021,8,August
2021-08-03,1112.19,27,40,183.37,2021,8,August
2021-08-04,1059.85,39,63,134.78,2021,8,August
2021-08-05,1149.32,33,47,186.15,2021,8,August
2021-08-06,1218.23,42,91,151.29,2021,8,August
2021-08-07,1247.85,18,24,115.02,2021,8,August
2021-08-08,1192.42,34,53,132.61,2021,8,August
2021-08-09,1255.58,30,37,133.5,2021,8,August
2021-08-10,1077.12,38,54,150.71,2021,8,August
2021-08-11,1371.58,39,77,236.13,2021,8,August
2021-08-12,1201.73,29,41,140.52,2021,8,August
2021-08-13,1331.71,29,37,108.79,2021,8,August
2021-08-14,1244.58,34,57,189.99,2021,8,August
2021-08-15,1255.23,28,34,206.87,2021,8,August
2021-08-16,1265.81,42,54,271.9,2021,8,August
2021-08-17,1250.56,32,64,203.25,2021,8,August
2021-08-18,1270.24,12,24,185.41,2021,8,August
2021-08-19,1344.01,32,68,215.41,2021,8,August
2021-08-20,1217.72,27,55,255.61,2021,8,August
2021-08-21,1272.43,22,41,249.36,2021,8,August
2021-08-22,1182.95,25,31,148.13,2021,8,August
2021-08-23,1349.66,36,71,152.8,2021,8,August
2021-08-24,1115.3,46,94,130.23,2021,8,August
2021-08-25,1386.32,38,76,208.81,2021,8,August
2021-08-26,1182.34,30,51,217.75,2021,8,August
2021-08-27,1027.97,39,56,154.66,2021,8,August
2021-08-28,1198.08,31,63,107.22,2021,8,August
2021-08-29,1107.75,29,56,200.84,2021,8,August
2021-08-30,1273.87,26,57,245.65,2021,8,August
2021-08-31,1108.38,21,28,133.59,2021,8,August
2021-09-01,1149.9,32,46,198.91,2021,9,September
2021-09-02,990.0,36,51,138.33,2021,9,September
2021-09-03,1147.0,34,68,234.53,2021,9,September
2021-09-04,929.09,32,44,184.27,2021,9,September
2021-09-05,1020.49,27,34,156.71,2021,9,September
2021-09-06,1277.42,40,88,225.86,2021,9,September
2021-09-07,1279.31,24,29,260.56,2021,9,September
2021-09-08,1238.82,41,83,185.08,2021,9,September
2021-09-09,1084.86,27,42,134.37,2021,9,September
2021-09-10,1185.22,29,59,219.87,2021,9,September
2021-09-11,1189.38,23,40,131.79,2021,9,September
2021-09-12,1061.7,31,65,142.69,2021,9,September
2021-09-13,1353.89,43,91,272.41,2021,9,September
2021-09-14,1284.48,39,47,233.03,2021,9,September
2021-09-15,1163.17,43,55,158.81,2021,9,September
2021-09-16,1189.98,39,57,130.97,2021,9,September
2021-09-17,1209.55,26,49,157.04,2021,9,September
2021-09-18,961.69,32,67,115.19,2021,9,September
2021-09-19,1158.8,29,48,121.27,2021,9,September
2021-09-20,1110.73,46,83,204.45,2021,9,September
2021-09-21,1075.38,25,35,123.98,2021,9,September
2021-09-22,1154.51,42,84,165.77,2021,9,September
2021-09-23,1383.09,42,91,185.36,2021,9,September
2021-09-24,1255.81,50,73,273.13,2021,9,September
2021-09-25,1122.51,32,54,151.26,2021,9,September
2021-09-26,1248.4,41,53,113.85,2021,9,September
2021-09-27,1339.47,53,93,124.0,2021,9,September
2021-09-28,1287.43,30,51,209.47,2021,9,September
2021-09-29,1192.52,23,31,195.47,2021,9,September
2021-09-30,1115.09,20,33,154.58,2021,9,September
2021-10-01,1293.4,41,63,181.67,2021,10,October
2021-10-02,1260.27,20,34,110.34,2021,10,October
2021-10-03,1315.91,32,57,200.43,2021,10,October
2021-10-04,1287.8,38,46,194.02,2021,10,October
2021-10-05,1333.94,36,71,134.64,2021,10,October
2021-10-06,1160.22,38,73,109.68,2021,10,October
2021-10-07,1364.67,37,58,132.78,2021,10,October
2021-10-08,1242.21,45,56,116.95,2021,10,October
2021-10-09,1449.52,27,53,239.69,2021,10,October
2021-10-10,1146.25,30,65,123.23,2021,10,October
2021-10-11,1413.89,29,42,162.88,2021,10,October
2021-10-12,1245.63,42,64,129.92,2021,10,October
2021-10-13,1153.18,42,58,246.89,2021,10,October
2021-10-14,1172.64,39,69,234.11,2021,10,October
2021-10-15,1191.71,44,60,133.79,2021,10,October
2021-10-16,1274.73,26,40,160.44,2021,10,October
2021-10-17,1286.77,48,91,140.75,2021,10,October
2021-10-18,1167.39,47,83,173.78,2021,10,October
2021-10-19,1229.1,41,65,101.7,2021,10,October
2021-10-20,1468.77,49,79,255.55,2021,10,October
2021-10-21,1424.54,22,39,218.3,2021,10,October
2021-10-22,1283.94,31,37,264.25,2021,10,October
2021-10-23,1241.61,29,37,127.9,2021,10,October
2021-10-24,1252.17,41,85,241.14,2021,10,October
2021-10-25,1308.04,27,35,249.67,2021,10,October
2021-10-26,1129.68,41,78,110.49,2021,10,October
2021-10-27,1215.56,46,98,165.07,2021,10,October
2021-10-28,1062.06,41,60,110.26,2021,10,October
2021-10-29,1291.3,37,58,149.35,2021,10,October
2021-10-30,1320.4,27,48,154.29,2021,10,October
2021-10-31,1197.93,28,58,189.12,2021,10,October
2021-11-01,1516.14,45,96,208.62,2021,11,November
2021-11-02,1210.13,41,80,257.37,2021,11,November
2021-11-03,1185.9,35,45,115.85,2021,11,November
2021-11-04,1373.72,32,60,297.16,2021,11,November
2021-11-05,1466.31,19,31,164.65,2021,11,November
2021-11-06,1538.51,26,43,289.55,2021,11,November
2021-11-07,1304.98,50,62,166.33,2021,11,November
2021-11-08,1476.35,25,35,147.68,2021,11,November
2021-11-09,1355.73,37,74,271.29,2021,11,November
2021-11-10,1343.29,43,71,165.55,2021,11,November
2021-11-11,1461.83,25,38,251.79,2021,11,November
2021-11-12,1438.78,36,57,229.2,2021,11,November
2021-11-13,1196.06,43,88,174.68,2021,11,November
2021-11-14,1534.36,35,68,229.26,2021,11,November
2021-11-15,1526.26,58,85,278.56,2021,11,November
2021-11-16,1308.19,22,29,120.73,2021,11,November
2021-11-17,1423.13,43,62,246.98,2021,11,November
2021-11-18,1436.56,34,72,295.09,2021,11,November
2021-11-19,1413.55,41,73,124.52,2021,11,November
2021-11-20,1327.04,39,68,132.29,2021,11,November
2021-11-21,1316.42,29,52,237.39,2021,11,November
2021-11-22,1390.26,37,58,196.33,2021,11,November
2021-11-23,1524.87,20,40,208.14,2021,11,November
2021-11-24,1458.49,40,69,144.65,2021,11,November
2021-11-25,1360.79,37,49,205.41,2021,11,November
2021-11-26,1489.34,40,53,145.53,2021,11,November
2021-11-27,1094.04,43,75,160.53,2021,11,November
2021-11-28,1536.7,38,81,287.22,2021,11,November
2021-11-29,1221.95,36,54,141.94,2021,11,November
2021-11-30,1376.46,28,58,202.77,2021,11,November
2021-12-01,1256.2,29,57,274.96,2021,12,December
2021-12-02,1240.02,44,64,218.41,2021,12,December
2021-12-03,1513.21,46,57,299.3,2021,12,December
2021-12-04,1337.19,33,43,184.64,2021,12,December
2021-12-05,1429.89,35,67,268.11,2021,12,December
2021-12-06,1389.78,28,39,119.06,2021,12,December
2021-12-07,1450.6,44,69,141.01,2021,12,December
2021-12-08,1409.78,40,68,152.86,2021,12,December
2021-12-09,1263.43,51,98,172.17,2021,12,December
2021-12-10,1517.4,28,37,301.06,2021,12,December
2021-12-11,1356.76,32,51,174.31,2021,12,December
2021-12-12,1243.13,37,62,213.38,2021,12,December
2021-12-13,1370.57,40,70,245.75,2021,12,December
2021-12-14,1586.06,33,67,257.05,2021,12,December
2021-12-15,1517.84,28,38,197.34,2021,12,December
2021-12-16,1389.31,42,84,223.38,2021,12,December
2021-12-17,1392.6,41,78,178.14,2021,12,December
2021-12-18,1399.02,28,49,128.35,2021,12,December
2021-12-19,1666.23,46,87,364.89,2021,12,December
2021-12-20,1483.2,44,71,145.07,2021,12,December
2021-12-21,1491.9,36,48,134.46,2021,12,December
2021-12-22,1561.34,36,67,316.94,2021,12,December
2021-12-23,1477.7,39,67,180.66,2021,12,December
2021-12-24,1426.38,28,52,243.97,2021,12,December
2021-12-25,1436.71,35,54,181.11,2021,12,December
2021-12-26,1453.88,18,38,195.99,2021,12,December
2021-12-27,1461.11,42,75,170.51,2021,12,December
2021-12-28,1548.7,23,30,198.27,2021,12,December
2021-12-29,1477.84,47,78,203.2,2021,12,December
2021-12-30,1556.17,32,63,281.45,2021,12,December
2021-12-31,1470.16,33,66,222.9,2021,12,December
2022-01-01,1231.93,30,51,261.29,2022,1,January
2022-01-02,1006.94,33,69,86.46,2022,1,January
2022-01-03,1330.99,46,68,200.22,2022,1,January
2022-01-04,1271.77,15,24,205.76,2022,1,January
2022-01-05,1346.89,45,94,281.27,2022,1,January
2022-01-06,921.97,38,80,80.1,2022,1,January
2022-01-07,1473.72,25,47,236.22,2022,1,January
2022-01-08,1232.08,26,54,245.81,2022,1,January
2022-01-09,1372.76,48,62,156.32,2022,1,January
2022-01-10,1139.89,27,56,231.03,2022,1,January
2022-01-11,1325.1,26,40,109.54,2022,1,January
2022-01-12,1145.22,44,61,209.05,2022,1,January
2022-01-13,1195.87,38,55,251.89,2022,1,January
2022-01-14,1478.4,27,44,254.3,2022,1,January
2022-01-15,1250.25,37,54,176.87,2022,1,January
2022-01-16,1298.5,27,41,112.04,2022,1,January
2022-01-17,1373.62,44,59,286.83,2022,1,January
2022-01-18,1335.76,43,64,194.81,2022,1,January
2022-01-19,1301.09,39,69,109.37,2022,1,January
2022-01-20,1327.98,38,62,234.49,2022,1,January
2022-01-21,1555.48,49,76,229.37,2022,1,January
2022-01-22,1288.02,35,68,125.46,2022,1,January
2022-01-23,1319.71,26,54,145.17,2022,1,January
2022-01-24,1416.37,39,76,126.1,2022,1,January
2022-01-25,1425.6,52,80,228.67,2022,1,January
2022-01-26,1437.73,27,52,240.22,2022,1,January
2022-01-27,1380.57,32,43,208.2,2022,1,January
2022-01-28,1187.7,38,51,230.88,2022,1,January
2022-01-29,1496.2,35,54,300.05,2022,1,January
2022-01-30,1193.5,27,54,198.34,2022,1,January
2022-01-31,1355.93,44,64,110.9,2022,1,January
2022-02-01,1282.69,54,68,227.46,2022,2,February
2022-02-02,1361.59,37,49,188.61,2022,2,February
2022-02-03,1407.77,28,58,224.09,2022,2,February
2022-02-04,1409.89,23,42,240.91,2022,2,February
2022-02-05,1423.86,37,54,183.73,2022,2,February
2022-02-06,1557.82,44,77,324.64,2022,2,February
2022-02-07,1433.04,39,67,141.52,2022,2,February
2022-02-08,1359.1,35,65,236.5,2022,2,February
2022-02-09,1494.78,30,43,120.49,2022,2,February
2022-02-10,1522.32,26,54,318.85,2022,2,February
2022-02-11,1259.14,42,63,120.56,2022,2,February
2022-02-12,1462.56,42,80,136.43,2022,2,February
2022-02-13,1476.61,23,28,186.97,2022,2,February
2022-02-14,1369.35,48,75,181.16,2022,2,February
2022-02-15,1555.97,40,62,171.16,2022,2,February
2022-02-16,1390.66,46,80,225.17,2022,2,February
2022-02-17,1423.46,24,31,202.14,2022,2,February
2022-02-18,1393.06,24,48,118.11,2022,2,February
2022-02-19,1416.21,34,48,176.67,2022,2,February
2022-02-20,1296.27,39,73,250.78,2022,2,February
2022-02-21,1260.78,49,98,222.6,2022,2,February
2022-02-22,1596.87,41,72,289.8,2022,2,February
2022-02-23,1330.55,33,64,236.49,2022,2,February
2022-02-24,1316.86,27,50,162.68,2022,2,February
2022-02-25,1191.19,45,70,111.92,2022,2,February
2022-02-26,1359.89,27,54,160.66,2022,2,February
2022-02-27,1286.7,48,72,252.77,2022,2,February
2022-02-28,1614.88,33,58,350.86,2022,2,February
2022-03-01,1607.32,48,93,239.71,2022,3,March
2022-03-02,1422.47,40,63,115.73,2022,3,March
2022-03-03,1747.82,34,51,174.09,2022,3,March
2022-03-04,1609.88,31,51,201.38,2022,3,March
2022-03-05,1467.95,32,65,236.34,2022,3,March
2022-03-06,1230.49,38,81,111.38,2022,3,March
2022-03-07,1759.12,36,63,373.06,2022,3,March
2022-03-08,1355.91,30,56,177.78,2022,3,March
2022-03-09,1329.37,34,72,276.19,2022,3,March
2022-03-10,1624.4,36,47,307.46,2022,3,March
2022-03-11,1781.79,18,26,330.99,2022,3,March
2022-03-12,1667.13,39,74,274.98,2022,3,March
2022-03-13,1578.29,27,55,264.76,2022,3,March
2022-03-14,1583.04,26,53,268.04,2022,3,March
2022-03-15,1612.79,22,36,270.98,2022,3,March
2022-03-16,1603.64,21,27,252.61,2022,3,March
2022-03-17,1552.29,24,39,338.55,2022,3,March
2022-03-18,1533.97,29,41,279.98,2022,3,March
2022-03-19,1516.71,51,76,286.31,2022,3,March
2022-03-20,1441.7,31,61,291.43,2022,3,March
2022-03-21,1494.76,36,46,164.71,2022,3,March
2022-03-22,1340.34,38,77,122.95,2022,3,March
2022-03-23,1516.64,36,59,223.86,2022,3,March
2022-03-24,1419.54,34,61,215.73,2022,3,March
2022-03-25,1407.67,25,32,276.02,2022,3,March
2022-03-26,1549.58,47,72,220.24,2022,3,March
2022-03-27,1683.59,49,63,269.24,2022,3,March
2022-03-28,1632.1,22,48,251.0,2022,3,March
2022-03-29,1358.9,27,54,115.98,2022,3,March
2022-03-30,1423.31,33,55,236.45,2022,3,March
2022-03-31,1636.12,27,38,320.56,2022,3,March
2022-04-01,1444.97,39,83,147.46,2022,4,April
2022-04-02,1528.69,29,45,249.49,2022,4,April
2022-04-03,1614.2,52,71,263.28,2022,4,April
2022-04-04,1447.43,45,79,149.06,2022,4,April
2022-04-05,1565.73,37,79,152.32,2022,4,April
2022-04-06,1407.54,43,52,305.73,2022,4,April
2022-04-07,1488.22,44,63,201.09,2022,4,April
2022-04-08,1589.59,30,64,177.78,2022,4,April
2022-04-09,1379.16,28,38,143.41,2022,4,April
2022-04-10,1602.78,36,47,278.03,2022,4,April
2022-04-11,1552.04,42,74,256.59,2022,4,April
2022-04-12,1614.8,36,74,274.67,2022,4,April
2022-04-13,1578.43,22,37,145.72,2022,4,April
2022-04-14,1703.58,29,64,349.4,2022,4,April
2022-04-15,1566.96,34,64,210.75,2022,4,April
2022-04-16,1505.57,34,43,186.5,2022,4,April
2022-04-17,1565.82,51,112,226.62,2022,4,April
2022-04-18,1611.65,24,39,216.94,2022,4,April
2022-04-19,1556.72,39,58,312.75,2022,4,April
2022-04-20,1555.23,47,83,326.75,2022,4,April
2022-04-21,1472.9,53,80,180.41,2022,4,April
2022-04-22,1476.51,32,41,296.71,2022,4,April
2022-04-23,1394.41,39,47,264.12,2022,4,April
2022-04-24,1740.36,40,66,366.02,2022,4,April
2022-04-25,1410.24,37,75,161.34,2022,4,April
2022-04-26,1469.96,34,60,236.33,2022,4,April
2022-04-27,1466.22,38,84,173.65,2022,4,April
2022-04-28,1642.71,15,22,320.94,2022,4,April
2022-04-29,1510.79,40,59,121.99,2022,4,April
2022-04-30,1679.41,36,49,267.15,2022,4,April
2022-05-01,1496.95,33,45,190.84,2022,5,May
2022-05-02,1600.55,51,76,200.35,2022,5,May
2022-05-03,1476.75,30,60,251.47,2022,5,May
2022-05-04,1803.35,32,67,359.24,2022,5,May
2022-05-05,1435.43,51,111,237.26,2022,5,May
2022-05-06,1598.8,28,40,318.87,2022,5,May
2022-05-07,1633.04,31,65,191.14,2022,5,May
2022-05-08,1607.4,34,52,245.5,2022,5,May
2022-05-09,1540.02,42,55,220.34,2022,5,May
2022-05-10,1544.59,37,77,126.09,2022,5,May
2022-05-11,1562.12,25,46,246.74,2022,5,May
2022-05-12,1539.52,31,42,265.74,2022,5,May
2022-05-13,1660.07,30,49,270.37,2022,5,May
2022-05-14,1795.51,34,51,328.72,2022,5,May
2022-05-15,1489.3,38,74,238.27,2022,5,May
2022-05-16,1398.18,38,63,124.92,2022,5,May
2022-05-17,1537.34,21,46,148.05,2022,5,May
2022-05-18,1828.97,44,55,299.05,2022,5,May
2022-05-19,1454.92,37,58,172.4,2022,5,May
2022-05-20,1721.71,46,77,156.93,2022,5,May
2022-05-21,1724.0,39,66,241.61,2022,5,May
2022-05-22,1476.57,44,67,232.72,2022,5,May
2022-05-23,1598.03,39,75,201.39,2022,5,May
2022-05-24,1712.51,46,95,309.73,2022,5,May
2022-05-25,1489.6,39,83,253.42,2022,5,May
2022-05-26,1506.78,34,68,190.75,2022,5,May
2022-05-27,1463.04,53,109,271.66,2022,5,May
2022-05-28,1413.22,42,74,241.4,2022,5,May
2022-05-29,1451.21,40,81,245.61,2022,5,May
2022-05-30,1385.75,25,38,218.23,2022,5,May
2022-05-31,1521.87,25,40,124.18,2022,5,May
2022-06-01,1451.12,37,56,257.59,2022,6,June
2022-06-02,1559.21,36,60,206.82,2022,6,June
2022-06-03,1360.0,30,45,288.27,2022,6,June
2022-06-04,1565.17,36,78,304.45,2022,6,June
2022-06-05,1618.06,48,73,262.57,2022,6,June
2022-06-06,1304.63,41,53,150.43,2022,6,June
2022-06-07,1562.64,26,45,169.58,2022,6,June
2022-06-08,1654.07,34,43,211.15,2022,6,June
2022-06-09,1383.48,29,38,202.98,2022,6,June
2022-06-10,1698.01,32,45,206.22,2022,6,June
2022-06-11,1557.59,32,53,236.89,2022,6,June
2022-06-12,1431.4,31,51,147.65,2022,6,June
2022-06-13,1500.25,25,50,325.37,2022,6,June
2022-06-14,1565.22,34,66,148.87,2022,6,June
2022-06-15,1509.57,31,50,317.72,2022,6,June
2022-06-16,1557.86,12,18,323.88,2022,6,June
2022-06-17,1394.69,51,77,214.16,2022,6,June
2022-06-18,1511.96,44,87,274.4,2022,6,June
2022-06-19,1335.17,32,40,188.32,2022,6,June
2022-06-20,1475.78,35,42,248.23,2022,6,June
2022-06-21,1385.91,26,52,176.95,2022,6,June
2022-06-22,1401.74,49,82,171.24,2022,6,June
2022-06-23,1615.93,50,67,260.09,2022,6,June
2022-06-24,1597.3,36,52,239.18,2022,6,June
2022-06-25,1541.56,43,92,248.4,2022,6,June
2022-06-26,1351.68,36,74,162.38,2022,6,June
2022-06-27,1434.31,24,46,188.43,2022,6,June
2022-06-28,1599.83,32,54,146.78,2022,6,June
2022-06-29,1479.26,36,62,129.17,2022,6,June
2022-06-30,1716.06,31,67,198.18,2022,6,June
2022-07-01,1471.47,33,71,133.01,2022,7,July
2022-07-02,1446.6,34,48,136.74,2022,7,July
2022-07-03,1388.74,34,68,269.15,2022,7,July
2022-07-04,1434.7,35,49,122.58,2022,7,July
2022-07-05,1400.52,27,38,241.24,2022,7,July
2022-07-06,1492.45,29,54,176.35,2022,7,July
2022-07-07,1517.08,25,40,306.48,2022,7,July
2022-07-08,1322.67,43,92,195.62,2022,7,July
2022-07-09,1259.98,18,23,154.7,2022,7,July
2022-07-10,1201.73,44,75,183.23,2022,7,July
2022-07-11,1456.9,46,97,194.46,2022,7,July
2022-07-12,1276.96,33,69,203.04,2022,7,July
2022-07-13,1158.84,14,19,111.29,2022,7,July
2022-07-14,1435.73,32,50,315.26,2022,7,July
2022-07-15,1664.56,34,62,232.34,2022,7,July
2022-07-16,1387.02,27,37,178.58,2022,7,July
2022-07-17,1477.29,31,67,265.07,2022,7,July
2022-07-18,1391.44,47,99,182.2,2022,7,July
2022-07-19,1368.96,40,55,269.22,2022,7,July
2022-07-20,1478.35,28,37,212.29,2022,7,July
2022-07-21,1342.75,22,28,242.69,2022,7,July
2022-07-22,1401.55,32,68,133.21,2022,7,July
2022-07-23,1404.99,33,46,278.83,2022,7,July
2022-07-24,1293.59,39,63,236.73,2022,7,July
2022-07-25,1473.71,31,51,161.58,2022,7,July
2022-07-26,1342.87,39,70,134.74,2022,7,July
2022-07-27,1276.53,50,64,158.65,2022,7,July
2022-07-28,1416.25,42,60,306.83,2022,7,July
2022-07-29,1256.0,35,75,145.64,2022,7,July
2022-07-30,1355.55,34,72,195.01,2022,7,July
2022-07-31,1349.09,32,63,113.6,2022,7,July
2022-08-01,1487.21,44,54,201.68,2022,8,August
2022-08-02,1417.67,30,46,226.81,2022,8,August
2022-08-03,1360.42,35,64,290.36,2022,8,August
2022-08-04,1450.88,35,52,221.03,2022,8,August
2022-08-05,1511.63,31,65,294.28,2022,8,August
2022-08-06,1417.87,24,44,222.04,2022,8,August
2022-08-07,1355.49,38,48,116.18,2022,8,August
2022-08-08,1207.92,35,74,149.9,2022,8,August
2022-08-09,1232.97,39,84,197.99,2022,8,August
2022-08-10,1314.49,31,40,280.1,2022,8,August
2022-08-11,1278.99,45,78,256.15,2022,8,August
2022-08-12,1323.47,28,42,148.19,2022,8,August
2022-08-13,1348.31,49,78,149.41,2022,8,August
2022-08-14,1398.42,21,29,151.26,2022,8,August
2022-08-15,1330.5,38,68,278.27,2022,8,August
2022-08-16,1389.92,39,84,277.11,2022,8,August
2022-08-17,1341.68,29,49,252.88,2022,8,August
2022-08-18,1115.51,38,49,150.57,2022,8,August
2022-08-19,1227.74,45,82,184.91,2022,8,August
2022-08-20,1313.52,17,26,190.47,2022,8,August
2022-08-21,1194.65,39,80,137.95,2022,8,August
2022-08-22,1392.09,15,25,209.79,2022,8,August
2022-08-23,1492.9,27,38,125.81,2022,8,August
2022-08-24,1457.04,48,67,143.45,2022,8,August
2022-08-25,1298.01,30,59,264.95,2022,8,August
2022-08-26,1484.01,26,38,274.89,2022,8,August
2022-08-27,1334.98,33,65,185.83,2022,8,August
2022-08-28,1280.18,52,73,195.1,2022,8,August
2022-08-29,1248.47,20,30,164.55,2022,8,August
2022-08-30,1281.4,27,45,235.4,2022,8,August
2022-08-31,1270.74,47,101,241.17,2022,8,August
2022-09-01,1351.0,50,107,252.45,2022,9,September
2022-09-02,1348.78,34,48,244.35,2022,9,September
2022-09-03,1330.36,25,39,144.52,2022,9,September
2022-09-04,1377.05,52,70,175.32,2022,9,September
2022-09-05,1458.96,48,82,212.68,2022,9,September
2022-09-06,1431.5,40,66,180.81,2022,9,September
2022-09-07,1162.81,29,61,215.92,2022,9,September
2022-09-08,1044.37,35,75,131.7,2022,9,September
2022-09-09,1427.27,34,54,141.8,2022,9,September
2022-09-10,1173.39,38,64,159.42,2022,9,September
2022-09-11,1298.32,47,99,281.98,2022,9,September
2022-09-12,1193.68,42,84,133.24,2022,9,September
2022-09-13,1123.57,26,31,186.18,2022,9,September
2022-09-14,1380.8,46,70,194.16,2022,9,September
2022-09-15,1404.25,38,62,126.3,2022,9,September
2022-09-16,1256.88,40,57,186.4,2022,9,September
2022-09-17,1034.89,47,66,184.52,2022,9,September
2022-09-18,1259.47,26,32,191.25,2022,9,September
2022-09-19,1362.36,35,65,275.33,2022,9,September
2022-09-20,1156.34,31,45,139.28,2022,9,September
2022-09-21,1339.01,22,28,123.29,2022,9,September
2022-09-22,1317.02,38,54,278.05,2022,9,September
2022-09-23,1382.34,55,110,183.78,2022,9,September
2022-09-24,1331.74,20,41,214.01,2022,9,September
2022-09-25,1211.57,35,59,231.27,2022,9,September
2022-09-26,1450.31,40,65,181.87,2022,9,September
2022-09-27,1301.38,36,78,234.59,2022,9,September
2022-09-28,1315.99,34,48,130.23,2022,9,September
2022-09-29,1216.57,25,35,146.94,2022,9,September
2022-09-30,1270.76,37,55,127.41,2022,9,September
2022-10-01,1252.53,29,40,242.46,2022,10,October
2022-10-02,1331.23,17,27,147.99,2022,10,October
2022-10-03,1538.99,45,95,277.69,2022,10,October
2022-10-04,1200.3,43,78,254.54,2022,10,October
2022-10-05,1174.27,35,56,180.71,2022,10,October
2022-10-06,1514.2,37,79,235.62,2022,10,October
2022-10-07,1330.01,44,55,192.25,2022,10,October
2022-10-08,1280.15,37,52,160.82,2022,10,October
2022-10-09,1468.9,42,74,215.33,2022,10,October
2022-10-10,1288.71,33,60,211.85,2022,10,October
2022-10-11,1557.07,45,56,339.5,2022,10,October
2022-10-12,1431.7,38,61,302.5,2022,10,October
2022-10-13,1304.44,37,68,261.8,2022,10,October
2022-10-14,1596.44,25,47,326.44,2022,10,October
2022-10-15,1293.59,37,68,188.22,2022,10,October
2022-10-16,1442.98,28,43,248.25,2022,10,October
2022-10-17,1395.46,30,39,286.5,2022,10,October
2022-10-18,1506.96,28,46,203.46,2022,10,October
2022-10-19,1536.82,26,35,329.87,2022,10,October
2022-10-20,1369.91,52,112,189.34,2022,10,October
2022-10-21,1284.9,46,77,210.92,2022,10,October
2022-10-22,1419.81,50,76,254.68,2022,10,October
2022-10-23,1296.16,25,49,276.19,2022,10,October
2022-10-24,1593.71,36,61,182.08,2022,10,October
2022-10-25,1388.85,25,38,256.18,2022,10,October
2022-10-26,1335.28,29,58,204.18,2022,10,October
2022-10-27,1397.46,28,58,164.34,2022,10,October
2022-10-28,1230.69,45,84,232.26,2022,10,October
2022-10-29,1273.78,32,40,200.38,2022,10,October
2022-10-30,1514.53,44,78,261.31,2022,10,October
2022-10-31,1312.1,40,79,164.28,2022,10,October
2022-11-01,1361.11,53,71,200.6,2022,11,November
2022-11-02,1537.27,23,33,255.85,2022,11,November
2022-11-03,1610.68,45,94,220.16,2022,11,November
2022-11-04,1561.39,44,54,168.27,2022,11,November
2022-11-05,1593.97,27,53,342.11,2022,11,November
2022-11-06,1403.3,43,72,212.75,2022,11,November
2022-11-07,1332.34,38,63,243.48,2022,11,November
2022-11-08,1656.11,33,40,227.79,2022,11,November
2022-11-09,1457.74,28,57,189.1,2022,11,November
2022-11-10,1467.96,29,45,201.11,2022,11,November
2022-11-11,1644.01,51,89,225.7,2022,11,November
2022-11-12,1561.48,35,66,243.88,2022,11,November
2022-11-13,1552.88,41,78,242.38,2022,11,November
2022-11-14,1743.36,29,63,260.81,2022,11,November
2022-11-15,1436.93,29,50,142.07,2022,11,November
2022-11-16,1612.33,44,70,240.96,2022,11,November
2022-11-17,1519.13,24,52,157.5,2022,11,November
2022-11-18,1545.03,32,59,150.89,2022,11,November
2022-11-19,1686.28,35,52,355.08,2022,11,November
2022-11-20,1576.71,36,48,259.67,2022,11,November
2022-11-21,1582.79,34,69,272.76,2022,11,November
2022-11-22,1644.32,38,59,224.04,2022,11,November
2022-11-23,1488.99,41,76,308.6,2022,11,November
2022-11-24,1439.66,41,69,243.75,2022,11,November
2022-11-25,1419.9,27,38,266.49,2022,11,November
2022-11-26,1321.43,33,59,173.9,2022,11,November
2022-11-27,1766.84,45,57,378.81,2022,11,November
2022-11-28,1422.25,42,68,277.15,2022,11,November
2022-11-29,1522.25,24,42,303.77,2022,11,November
2022-11-30,1519.15,38,62,158.15,2022,11,November
2022-12-01,1546.45,19,37,182.38,2022,12,December
2022-12-02,1605.44,35,71,192.63,2022,12,December
2022-12-03,1613.45,50,99,190.27,2022,12,December
2022-12-04,1457.77,27,33,291.2,2022,12,December
2022-12-05,1506.67,28,39,127.26,2022,12,December
2022-12-06,1559.3,41,71,141.36,2022,12,December
2022-12-07,1504.04,23,49,178.0,2022,12,December
2022-12-08,1711.41,30,61,184.8,2022,12,December
2022-12-09,1591.84,40,82,179.02,2022,12,December
2022-12-10,1621.92,30,45,310.94,2022,12,December
2022-12-11,1617.26,33,54,256.88,2022,12,December
2022-12-12,1676.71,41,68,135.49,2022,12,December
2022-12-13,1570.84,38,52,220.08,2022,12,December
2022-12-14,1411.6,37,46,193.54,2022,12,December
2022-12-15,1601.55,32,69,153.67,2022,12,December
2022-12-16,1489.28,38,55,260.12,2022,12,December
2022-12-17,1506.15,34,49,268.54,2022,12,December
2022-12-18,1632.17,39,50,295.3,2022,12,December
2022-12-19,1707.27,31,66,310.7,2022,12,December
2022-12-20,1576.8,34,61,126.16,2022,12,December
2022-12-21,1611.84,27,50,344.21,2022,12,December
2022-12-22,1768.53,35,74,343.08,2022,12,December
2022-12-23,1611.19,29,45,332.8,2022,12,December
2022-12-24,1874.33,26,47,154.05,2022,12,December
2022-12-25,1653.79,37,46,348.52,2022,12,December
2022-12-26,1401.35,37,51,270.98,2022,12,December
2022-12-27,1681.35,41,83,331.58,2022,12,December
2022-12-28,1643.86,32,63,152.98,2022,12,December
2022-12-29,1747.27,38,59,320.5,2022,12,December
2022-12-30,1682.9,39,61,360.79,2022,12,December
2022-12-31,1597.09,39,68,279.49,2022,12,December
2023-01-01,1221.88,28,34,195.35,2023,1,January
2023-01-02,1337.02,36,52,283.97,2023,1,January
2023-01-03,1269.91,38,54,180.34,2023,1,January
2023-01-04,1303.07,35,51,213.57,2023,1,January
2023-01-05,1435.12,18,36,210.51,2023,1,January
2023-01-06,1557.52,36,53,328.01,2023,1,January
2023-01-07,1420.68,53,74,128.79,2023,1,January
2023-01-08,1249.16,32,55,187.57,2023,1,January
2023-01-09,1433.04,29,60,252.46,2023,1,January
2023-01-10,1519.18,38,55,289.96,2023,1,January
2023-01-11,1323.89,37,47,213.97,2023,1,January
2023-01-12,1379.62,45,70,285.92,2023,1,January
2023-01-13,1399.37,25,49,296.5,2023,1,January
2023-01-14,1314.8,41,72,117.02,2023,1,January
2023-01-15,1475.81,40,81,201.2,2023,1,January
2023-01-16,1394.55,34,73,116.14,2023,1,January
2023-01-17,1457.34,38,76,183.8,2023,1,January
2023-01-18,1316.89,43,78,204.33,2023,1,January
2023-01-19,1369.7,42,71,284.23,2023,1,January
2023-01-20,1500.57,26,32,297.89,2023,1,January
2023-01-21,1383.37,42,92,135.36,2023,1,January
2023-01-22,1617.6,34,54,150.48,2023,1,January
2023-01-23,1386.9,36,49,225.37,2023,1,January
2023-01-24,1458.79,36,67,225.38,2023,1,January
2023-01-25,1539.85,34,50,180.61,2023,1,January
2023-01-26,1284.41,45,80,264.49,2023,1,January
2023-01-27,1249.89,34,61,262.27,2023,1,January
2023-01-28,1278.88,26,43,174.4,2023,1,January
2023-01-29,1588.68,32,65,325.11,2023,1,January
2023-01-30,1392.16,36,53,186.21,2023,1,January
2023-01-31,1737.32,45,74,318.2,2023,1,January
2023-02-01,1436.86,40,70,210.69,2023,2,February
2023-02-02,1522.22,28,52,147.9,2023,2,February
2023-02-03,1674.51,55,109,351.5,2023,2,February
2023-02-04,1728.48,37,59,248.16,2023,2,February
2023-02-05,1737.48,45,83,317.66,2023,2,February
2023-02-06,1646.51,34,46,216.36,2023,2,February
2023-02-07,1629.07,39,83,134.63,2023,2,February
2023-02-08,1584.41,42,66,149.05,2023,2,February
2023-02-09,1607.63,45,87,240.29,2023,2,February
2023-02-10,1464.12,43,52,258.56,2023,2,February
2023-02-11,1437.45,42,59,182.36,2023,2,February
2023-02-12,1529.75,32,54,271.33,2023,2,February
2023-02-13,1514.04,30,62,269.21,2023,2,February
2023-02-14,1485.5,38,66,265.24,2023,2,February
2023-02-15,1614.52,42,89,240.49,2023,2,February
2023-02-16,1645.52,33,56,342.41,2023,2,February
2023-02-17,1552.65,44,74,230.55,2023,2,February
2023-02-18,1707.9,47,62,244.29,2023,2,February
2023-02-19,1422.19,28,56,153.47,2023,2,February
2023-02-20,1528.83,28,41,188.16,2023,2,February
2023-02-21,1473.61,34,71,126.62,2023,2,February
2023-02-22,1349.42,37,78,227.64,2023,2,February
2023-02-23,1547.89,31,66,177.69,2023,2,February
2023-02-24,1545.79,46,79,189.49,2023,2,February
2023-02-25,1727.81,38,71,324.68,2023,2,February
2023-02-26,1632.84,35,69,205.43,2023,2,February
2023-02-27,1452.85,24,32,165.49,2023,2,February
2023-02-28,1771.48,24,43,183.65,2023,2,February
2023-03-01,1763.82,37,46,332.45,2023,3,March
2023-03-02,1695.47,18,31,166.43,2023,3,March
2023-03-03,1608.41,43,58,230.85,2023,3,March
2023-03-04,1529.62,34,47,230.93,2023,3,March
2023-03-05,1596.01,61,95,281.27,2023,3,March
2023-03-06,1758.46,53,87,296.58,2023,3,March
2023-03-07,1847.7,34,62,357.53,2023,3,March
2023-03-08,1811.8,34,43,156.3,2023,3,March
2023-03-09,1589.86,43,73,193.17,2023,3,March
2023-03-10,1522.03,49,68,181.45,2023,3,March
2023-03-11,1662.18,22,39,166.95,2023,3,March
2023-03-12,1453.61,21,39,175.14,2023,3,March
2023-03-13,1685.09,30,53,207.88,2023,3,March
2023-03-14,1634.65,40,78,250.21,2023,3,March
2023-03-15,1600.92,39,60,276.83,2023,3,March
2023-03-16,1478.02,44,86,197.1,2023,3,March
2023-03-17,1711.13,25,41,309.25,2023,3,March
2023-03-18,1597.18,16,27,202.94,2023,3,March
2023-03-19,1528.18,42,78,184.36,2023,3,March
2023-03-20,1341.96,28,34,209.03,2023,3,March
2023-03-21,1655.88,19,35,137.97,2023,3,March
2023-03-22,1854.79,36,65,169.1,2023,3,March
2023-03-23,1843.46,41,62,255.35,2023,3,March
2023-03-24,1611.28,34,44,341.6,2023,3,March
2023-03-25,1596.1,31,40,288.91,2023,3,March
2023-03-26,1714.63,34,72,158.33,2023,3,March
2023-03-27,1553.92,32,60,308.43,2023,3,March
2023-03-28,1697.56,24,32,309.84,2023,3,March
2023-03-29,1749.2,29,45,289.55,2023,3,March
2023-03-30,1800.41,39,70,350.79,2023,3,March
2023-03-31,1654.89,38,77,226.02,2023,3,March
2023-04-01,1663.91,36,45,184.71,2023,4,April
2023-04-02,1590.09,27,39,241.19,2023,4,April
2023-04-03,1596.01,34,71,250.31,2023,4,April
2023-04-04,1662.31,18,22,258.27,2023,4,April
2023-04-05,1727.83,36,50,274.92,2023,4,April
2023-04-06,1788.05,46,99,380.53,2023,4,April
2023-04-07,1599.3,23,42,329.96,2023,4,April
2023-04-08,1851.88,30,44,375.19,2023,4,April
2023-04-09,1657.84,38,48,318.63,2023,4,April
2023-04-10,1685.25,45,55,357.41,2023,4,April
2023-04-11,1605.28,31,45,150.56,2023,4,April
2023-04-12,1420.63,29,60,166.38,2023,4,April
2023-04-13,1784.32,19,31,266.41,2023,4,April
2023-04-14,1767.85,36,69,350.94,2023,4,April
2023-04-15,1655.52,51,108,249.53,2023,4,April
2023-04-16,1693.45,37,59,312.82,2023,4,April
2023-04-17,1742.4,35,49,173.29,2023,4,April
2023-04-18,1513.28,38,65,174.54,2023,4,April
2023-04-19,1626.43,35,74,296.74,2023,4,April
2023-04-20,1771.4,28,56,182.57,2023,4,April
2023-04-21,1545.42,42,53,199.65,2023,4,April
2023-04-22,1715.0,37,70,200.79,2023,4,April
2023-04-23,1532.74,35,62,197.69,2023,4,April
2023-04-24,1732.49,27,57,310.4,2023,4,April
2023-04-25,1676.42,45,60,220.45,2023,4,April
2023-04-26,1501.79,40,69,236.89,2023,4,April
2023-04-27,1806.64,31,64,169.81,2023,4,April
2023-04-28,1596.73,43,69,307.69,2023,4,April
2023-04-29,1587.38,31,52,209.19,2023,4,April
2023-04-30,1697.49,29,37,289.92,2023,4,April
2023-05-01,1830.65,29,43,332.36,2023,5,May
2023-05-02,1591.39,21,32,174.02,2023,5,May
2023-05-03,1708.7,39,84,348.33,2023,5,May
2023-05-04,1747.82,20,30,290.61,2023,5,May
2023-05-05,1775.58,25,42,248.62,2023,5,May
2023-05-06,1717.4,18,34,181.23,2023,5,May
2023-05-07,1656.22,34,46,350.99,2023,5,May
2023-05-08,1604.12,34,57,297.9,2023,5,May
2023-05-09,1703.15,32,62,185.85,2023,5,May
2023-05-10,1574.21,27,56,200.36,2023,5,May
2023-05-11,1369.23,26,47,264.75,2023,5,May
2023-05-12,1736.99,39,73,308.13,2023,5,May
2023-05-13,1786.75,31,41,334.5,2023,5,May
2023-05-14,1425.71,38,82,202.12,2023,5,May
2023-05-15,1572.83,28,37,283.59,2023,5,May
2023-05-16,1750.24,36,71,234.72,2023,5,May
2023-05-17,1906.65,45,66,208.92,2023,5,May
2023-05-18,1680.77,40,85,283.34,2023,5,May
2023-05-19,1596.52,32,61,345.87,2023,5,May
2023-05-20,1654.56,37,72,204.31,2023,5,May
2023-05-21,1823.96,33,47,263.63,2023,5,May
2023-05-22,1599.68,35,58,278.92,2023,5,May
2023-05-23,1580.81,32,58,246.31,2023,5,May
2023-05-24,1613.56,34,67,319.61,2023,5,May
2023-05-25,1559.71,37,48,291.11,2023,5,May
2023-05-26,1675.94,27,58,147.75,2023,5,May
2023-05-27,1839.01,27,56,404.18,2023,5,May
2023-05-28,1693.65,24,35,313.89,2023,5,May
2023-05-29,1628.14,22,45,327.17,2023,5,May
2023-05-30,1621.56,25,43,277.56,2023,5,May
2023-05-31,1479.44,36,60,295.71,2023,5,May
2023-06-01,1766.23,28,42,169.09,2023,6,June
2023-06-02,1658.21,39,69,213.38,2023,6,June
2023-06-03,1644.56,35,68,333.35,2023,6,June
2023-06-04,2013.28,19,31,217.9,2023,6,June
2023-06-05,1692.5,40,73,153.94,2023,6,June
2023-06-06,1574.52,41,78,299.69,2023,6,June
2023-06-07,1607.87,27,52,316.7,2023,6,June
2023-06-08,1778.63,38,48,182.79,2023,6,June
2023-06-09,1662.27,28,58,331.8,2023,6,June
2023-06-10,1489.09,36,60,262.3,2023,6,June
2023-06-11,1745.89,25,37,266.79,2023,6,June
2023-06-12,1568.73,21,30,307.84,2023,6,June
2023-06-13,1845.72,32,54,255.99,2023,6,June
2023-06-14,1755.88,34,71,188.16,2023,6,June
2023-06-15,1585.28,32,51,190.04,2023,6,June
2023-06-16,1772.78,26,51,267.2,2023,6,June
2023-06-17,1636.71,32,41,252.69,2023,6,June
2023-06-18,1720.41,37,62,331.66,2023,6,June
2023-06-19,1677.27,35,77,320.01,2023,6,June
2023-06-20,1528.18,36,71,246.63,2023,6,June
2023-06-21,1547.82,30,42,293.02,2023,6,June
2023-06-22,1729.22,44,75,184.76,2023,6,June
2023-06-23,1576.41,26,37,137.16,2023,6,June
2023-06-24,1566.13,39,63,316.84,2023,6,June
2023-06-25,1502.76,44,87,136.12,2023,6,June
2023-06-26,1651.7,39,77,189.18,2023,6,June
2023-06-27,1829.27,33,47,324.41,2023,6,June
2023-06-28,1482.24,31,66,203.55,2023,6,June
2023-06-29,1599.6,43,77,324.21,2023,6,June
2023-06-30,1749.55,24,38,212.95,2023,6,June
2023-07-01,1552.72,27,46,126.8,2023,7,July
2023-07-02,1608.51,32,58,196.39,2023,7,July
2023-07-03,1439.15,45,79,231.6,2023,7,July
2023-07-04,1600.4,38,64,212.26,2023,7,July
2023-07-05,1529.97,27,46,236.97,2023,7,July
2023-07-06,1656.27,33,45,335.77,2023,7,July
2023-07-07,1675.73,30,60,348.13,2023,7,July
2023-07-08,1827.25,29,51,214.22,2023,7,July
2023-07-09,1603.45,43,57,232.02,2023,7,July
2023-07-10,1572.82,24,47,246.74,2023,7,July
2023-07-11,1555.67,48,102,331.16,2023,7,July
2023-07-12,1492.76,42,90,328.12,2023,7,July
2023-07-13,1566.16,44,69,176.91,2023,7,July
2023-07-14,1493.77,31,41,271.53,2023,7,July
2023-07-15,1542.14,34,58,204.99,2023,7,July
2023-07-16,1665.9,24,32,135.16,2023,7,July
2023-07-17,1407.61,31,66,114.43,2023,7,July
2023-07-18,1641.1,39,54,237.1,2023,7,July
2023-07-19,1658.0,45,65,245.99,2023,7,July
2023-07-20,1497.54,26,42,124.54,2023,7,July
2023-07-21,1274.55,32,51,224.54,2023,7,July
2023-07-22,1438.54,34,68,174.29,2023,7,July
2023-07-23,1645.54,24,40,260.63,2023,7,July
2023-07-24,1497.84,40,55,182.93,2023,7,July
2023-07-25,1387.94,29,43,143.51,2023,7,July
2023-07-26,1439.86,33,56,197.27,2023,7,July
2023-07-27,1585.4,31,42,178.39,2023,7,July
2023-07-28,1550.65,29,53,240.15,2023,7,July
2023-07-29,1461.82,35,62,157.64,2023,7,July
2023-07-30,1445.37,33,63,218.51,2023,7,July
2023-07-31,1440.27,32,68,146.96,2023,7,July
2023-08-01,1399.57,29,61,243.44,2023,8,August
2023-08-02,1676.42,38,82,311.06,2023,8,August
2023-08-03,1460.99,48,69,139.46,2023,8,August
2023-08-04,1628.09,36,48,236.87,2023,8,August
2023-08-05,1659.32,43,65,149.21,2023,8,August
2023-08-06,1599.6,24,50,261.93,2023,8,August
2023-08-07,1440.15,36,78,168.52,2023,8,August
2023-08-08,1529.91,26,54,235.4,2023,8,August
2023-08-09,1480.74,23,30,225.73,2023,8,August
2023-08-10,1381.93,29,62,289.39,2023,8,August
2023-08-11,1514.99,45,73,237.66,2023,8,August
2023-08-12,1347.62,43,52,217.8,2023,8,August
2023-08-13,1605.99,37,61,218.79,2023,8,August
2023-08-14,1422.31,23,29,302.77,2023,8,August
2023-08-15,1493.66,33,58,282.01,2023,8,August
2023-08-16,1500.84,37,57,180.04,2023,8,August
2023-08-17,1439.38,36,60,285.27,2023,8,August
2023-08-18,1530.62,20,36,215.11,2023,8,August
2023-08-19,1412.1,28,58,276.79,2023,8,August
2023-08-20,1558.49,34,63,304.22,2023,8,August
2023-08-21,1312.93,39,64,139.75,2023,8,August
2023-08-22,1473.27,17,34,262.48,2023,8,August
2023-08-23,1671.07,34,72,201.68,2023,8,August
2023-08-24,1346.21,36,48,163.77,2023,8,August
2023-08-25,1380.21,42,73,167.68,2023,8,August
2023-08-26,1509.84,41,61,274.16,2023,8,August
2023-08-27,1471.65,40,50,165.08,2023,8,August
2023-08-28,1489.1,29,54,119.32,2023,8,August
2023-08-29,1503.03,20,41,270.75,2023,8,August
2023-08-30,1517.76,32,44,157.8,2023,8,August
2023-08-31,1568.78,43,87,148.45,2023,8,August
2023-09-01,1510.61,46,94,171.08,2023,9,September
2023-09-02,1437.85,41,87,191.5,2023,9,September
2023-09-03,1537.29,38,56,225.41,2023,9,September
2023-09-04,1671.25,38,80,144.13,2023,9,September
2023-09-05,1446.67,31,47,312.31,2023,9,September
2023-09-06,1353.12,34,60,243.9,2023,9,September
2023-09-07,1581.2,48,60,198.04,2023,9,September
2023-09-08,1445.33,27,34,180.11,2023,9,September
2023-09-09,1218.77,48,92,174.04,2023,9,September
2023-09-10,1550.23,32,53,259.93,2023,9,September
2023-09-11,1397.43,46,67,140.43,2023,9,September
2023-09-12,1445.71,24,33,153.9,2023,9,September
2023-09-13,1491.58,40,75,298.79,2023,9,September
2023-09-14,1475.47,29,35,170.97,2023,9,September
2023-09-15,1532.06,24,48,204.11,2023,9,September
2023-09-16,1405.67,37,47,283.91,2023,9,September
2023-09-17,1509.61,43,60,260.92,2023,9,September
2023-09-18,1424.28,28,44,182.08,2023,9,September
2023-09-19,1533.81,23,39,269.52,2023,9,September
2023-09-20,1519.99,34,53,125.79,2023,9,September
2023-09-21,1349.21,34,52,246.89,2023,9,September
2023-09-22,1571.43,39,84,232.86,2023,9,September
2023-09-23,1392.93,43,79,270.01,2023,9,September
2023-09-24,1540.75,35,43,329.18,2023,9,September
2023-09-25,1492.28,50,82,312.8,2023,9,September
2023-09-26,1654.16,37,77,342.9,2023,9,September
2023-09-27,1427.51,32,48,216.56,2023,9,September
2023-09-28,1413.85,22,28,184.39,2023,9,September
2023-09-29,1450.37,33,65,210.46,2023,9,September
2023-09-30,1419.44,32,58,250.65,2023,9,September
2023-10-01,1571.13,43,76,320.13,2023,10,October
2023-10-02,1305.74,39,49,142.3,2023,10,October
2023-10-03,1368.07,26,35,285.31,2023,10,October
2023-10-04,1367.02,36,66,265.37,2023,10,October
2023-10-05,1589.57,40,56,345.0,2023,10,October
2023-10-06,1673.81,47,80,340.18,2023,10,October
2023-10-07,1474.81,42,73,175.78,2023,10,October
2023-10-08,1468.45,41,61,139.26,2023,10,October
2023-10-09,1495.49,35,75,143.14,2023,10,October
2023-10-10,1616.41,38,78,195.22,2023,10,October
2023-10-11,1387.47,45,87,230.3,2023,10,October
2023-10-12,1516.62,24,31,292.11,2023,10,October
2023-10-13,1598.65,32,42,329.15,2023,10,October
2023-10-14,1547.53,29,49,258.94,2023,10,October
2023-10-15,1514.34,38,52,122.34,2023,10,October
2023-10-16,1604.74,45,98,170.24,2023,10,October
2023-10-17,1198.45,30,41,112.61,2023,10,October
2023-10-18,1571.61,16,27,205.67,2023,10,October
2023-10-19,1426.38,32,50,214.23,2023,10,October
2023-10-20,1298.29,42,77,111.75,2023,10,October
2023-10-21,1557.28,39,52,200.56,2023,10,October
2023-10-22,1653.59,38,62,173.77,2023,10,October
2023-10-23,1488.86,33,49,253.98,2023,10,October
2023-10-24,1610.33,25,52,233.49,2023,10,October
2023-10-25,1684.45,39,48,251.56,2023,10,October
2023-10-26,1653.38,28,59,231.27,2023,10,October
2023-10-27,1690.81,52,106,361.57,2023,10,October
2023-10-28,1593.78,40,60,175.42,2023,10,October
2023-10-29,1522.23,30,60,231.89,2023,10,October
2023-10-30,1339.54,30,37,245.19,2023,10,October
2023-10-31,1490.56,34,74,235.45,2023,10,October
2023-11-01,1516.79,33,57,318.62,2023,11,November
2023-11-02,1850.32,44,66,245.94,2023,11,November
2023-11-03,1594.17,36,56,231.02,2023,11,November
2023-11-04,1629.13,29,37,150.52,2023,11,November
2023-11-05,1678.34,50,109,277.36,2023,11,November
2023-11-06,1624.62,35,43,195.52,2023,11,November
2023-11-07,1808.46,41,76,185.26,2023,11,November
2023-11-08,1555.74,30,49,243.06,2023,11,November
2023-11-09,1647.91,38,82,254.64,2023,11,November
2023-11-10,1547.15,37,54,140.21,2023,11,November
2023-11-11,1485.97,20,35,264.13,2023,11,November
2023-11-12,1566.28,51,86,262.08,2023,11,November
2023-11-13,1631.93,45,86,173.74,2023,11,November
2023-11-14,1591.26,32,41,231.88,2023,11,November
2023-11-15,1564.83,26,36,282.99,2023,11,November
2023-11-16,1488.85,38,54,229.46,2023,11,November
2023-11-17,1636.99,36,70,221.6,2023,11,November
2023-11-18,1483.24,38,53,185.59,2023,11,November
2023-11-19,1735.03,37,66,287.07,2023,11,November
2023-11-20,1663.18,39,55,351.72,2023,11,November
2023-11-21,1496.52,47,97,260.46,2023,11,November
2023-11-22,1625.6,40,86,147.06,2023,11,November
2023-11-23,1579.67,27,46,228.26,2023,11,November
2023-11-24,1700.35,46,71,348.09,2023,11,November
2023-11-25,1815.56,48,69,169.26,2023,11,November
2023-11-26,1464.73,60,75,319.96,2023,11,November
2023-11-27,1686.58,26,38,359.02,2023,11,November
2023-11-28,1659.26,37,69,150.92,2023,11,November
2023-11-29,1753.71,18,31,369.47,2023,11,November
2023-11-30,1706.33,39,84,223.25,2023,11,November
2023-12-01,1563.2,31,49,309.92,2023,12,December
2023-12-02,1613.88,50,95,223.64,2023,12,December
2023-12-03,1564.5,29,49,221.72,2023,12,December
2023-12-04,1773.54,21,36,299.36,2023,12,December
2023-12-05,1660.67,31,46,312.91,2023,12,December
2023-12-06,1870.62,19,31,158.5,2023,12,December
2023-12-07,1658.0,41,69,270.32,2023,12,December
2023-12-08,1589.95,18,34,168.76,2023,12,December
2023-12-09,1504.6,35,75,193.24,2023,12,December
2023-12-10,1476.01,18,28,189.99,2023,12,December
2023-12-11,1503.36,32,40,218.99,2023,12,December
2023-12-12,1710.29,48,81,216.83,2023,12,December
2023-12-13,1740.16,38,66,165.37,2023,12,December
2023-12-14,1513.59,28,38,151.95,2023,12,December
2023-12-15,1789.31,35,69,151.52,2023,12,December
2023-12-16,1641.07,35,76,239.33,2023,12,December
2023-12-17,1713.71,39,84,366.09,2023,12,December
2023-12-18,1878.29,24,34,180.68,2023,12,December
2023-12-19,1802.98,40,83,383.09,2023,12,December
2023-12-20,1678.19,13,25,306.56,2023,12,December
2023-12-21,1613.11,30,50,273.02,2023,12,December
2023-12-22,1477.86,31,54,251.74,2023,12,December
2023-12-23,1638.87,40,82,320.8,2023,12,December
2023-12-24,1698.19,35,59,161.28,2023,12,December
2023-12-25,1616.27,24,38,243.52,2023,12,December
2023-12-26,1713.86,27,46,304.37,2023,12,December
2023-12-27,1740.21,37,66,282.18,2023,12,December
2023-12-28,1710.47,34,47,336.26,2023,12,December
2023-12-29,1667.17,30,63,150.24,2023,12,December
2023-12-30,1760.68,31,58,311.11,2023,12,December
2023-12-31,1794.2,41,75,277.68,2023,12,December
2024-01-01,1369.88,31,40,182.31,2024,1,January
2024-01-02,1648.49,34,61,210.41,2024,1,January
2024-01-03,1485.9,52,69,248.02,2024,1,January
2024-01-04,1502.27,24,31,307.57,2024,1,January
2024-01-05,1581.55,20,35,236.39,2024,1,January
2024-01-06,1532.75,41,66,299.59,2024,1,January
2024-01-07,1615.39,30,54,220.18,2024,1,January
2024-01-08,1545.56,32,41,145.8,2024,1,January
2024-01-09,1450.04,29,47,128.49,2024,1,January
2024-01-10,1560.59,33,45,136.06,2024,1,January
2024-01-11,1398.43,48,105,186.3,2024,1,January
2024-01-12,1539.58,41,72,195.86,2024,1,January
2024-01-13,1527.37,42,79,275.71,2024,1,January
2024-01-14,1511.51,24,37,278.11,2024,1,January
2024-01-15,1523.63,26,34,132.74,2024,1,January
2024-01-16,1334.12,12,26,148.03,2024,1,January
2024-01-17,1484.1,29,43,175.71,2024,1,January
2024-01-18,1558.0,43,70,244.09,2024,1,January
2024-01-19,1568.67,39,72,157.23,2024,1,January
2024-01-20,1441.33,33,40,142.33,2024,1,January
2024-01-21,1696.88,35,70,359.96,2024,1,January
2024-01-22,1465.62,29,50,282.26,2024,1,January
2024-01-23,1670.78,37,55,175.92,2024,1,January
2024-01-24,1614.34,41,52,221.03,2024,1,January
2024-01-25,1499.45,22,30,194.61,2024,1,January
2024-01-26,1768.99,37,78,337.42,2024,1,January
2024-01-27,1445.55,42,79,218.9,2024,1,January
2024-01-28,1681.08,32,46,164.58,2024,1,January
2024-01-29,1693.13,41,52,310.62,2024,1,January
2024-01-30,1512.37,58,110,205.02,2024,1,January
2024-01-31,1742.36,34,60,203.52,2024,1,January
2024-02-01,1604.7,38,61,212.73,2024,2,February
2024-02-02,1666.95,29,45,249.52,2024,2,February
2024-02-03,1666.79,36,51,213.41,2024,2,February
2024-02-04,1626.31,39,73,185.18,2024,2,February
2024-02-05,1733.18,37,80,235.35,2024,2,February
2024-02-06,1734.14,27,37,143.39,2024,2,February
2024-02-07,1457.36,37,66,274.2,2024,2,February
2024-02-08,1795.98,47,76,186.66,2024,2,February
2024-02-09,1472.41,39,64,126.84,2024,2,February
2024-02-10,1771.6,43,63,303.86,2024,2,February
2024-02-11,1784.66,33,67,336.14,2024,2,February
2024-02-12,1543.39,41,69,299.32,2024,2,February
2024-02-13,1620.84,37,65,241.65,2024,2,February
2024-02-14,1547.0,27,41,168.24,2024,2,February
2024-02-15,1647.55,38,53,301.85,2024,2,February
2024-02-16,1639.83,27,35,291.82,2024,2,February
2024-02-17,1761.96,30,57,201.71,2024,2,February
2024-02-18,1822.77,37,52,376.36,2024,2,February
2024-02-19,1834.57,37,70,173.57,2024,2,February
2024-02-20,1621.57,25,40,352.82,2024,2,February
2024-02-21,1662.72,43,69,333.27,2024,2,February
2024-02-22,1502.84,40,67,264.96,2024,2,February
2024-02-23,1601.61,29,45,338.62,2024,2,February
2024-02-24,1798.59,23,30,325.77,2024,2,February
2024-02-25,1872.32,34,51,199.71,2024,2,February
2024-02-26,1560.94,31,58,221.5,2024,2,February
2024-02-27,1633.61,36,67,147.04,2024,2,February
2024-02-28,1697.9,32,48,228.46,2024,2,February
2024-02-29,1733.6,19,32,318.68,2024,2,February
2024-03-01,1675.66,32,45,224.71,2024,3,March
2024-03-02,1813.24,33,47,228.91,2024,3,March
2024-03-03,1716.31,40,49,280.36,2024,3,March
2024-03-04,1768.64,29,61,357.46,2024,3,March
2024-03-05,1832.06,48,68,158.77,2024,3,March
2024-03-06,1774.37,20,29,237.71,2024,3,March
2024-03-07,1727.31,45,67,176.45,2024,3,March
2024-03-08,1764.85,33,44,313.0,2024,3,March
2024-03-09,1768.74,42,77,167.68,2024,3,March
2024-03-10,1739.26,36,46,301.02,2024,3,March
2024-03-11,1752.94,44,59,210.47,2024,3,March
2024-03-12,1958.66,32,59,211.24,2024,3,March
2024-03-13,1845.86,26,40,389.64,2024,3,March
2024-03-14,1752.96,46,88,144.78,2024,3,March
2024-03-15,1863.37,34,60,263.27,2024,3,March
2024-03-16,1751.18,37,54,145.4,2024,3,March
2024-03-17,1918.09,45,83,283.31,2024,3,March
2024-03-18,1830.8,27,36,274.89,2024,3,March
2024-03-19,1779.38,40,69,222.48,2024,3,March
2024-03-20,1841.42,30,49,181.38,2024,3,March
2024-03-21,1620.32,34,50,215.01,2024,3,March
2024-03-22,1670.05,36,65,290.78,2024,3,March
2024-03-23,1663.5,23,48,315.29,2024,3,March
2024-03-24,1811.33,29,64,279.5,2024,3,March
2024-03-25,1986.91,46,83,323.03,2024,3,March
2024-03-26,2042.46,42,67,220.76,2024,3,March
2024-03-27,1867.82,34,48,224.56,2024,3,March
2024-03-28,1853.29,37,54,190.27,2024,3,March
2024-03-29,1600.6,33,55,183.91,2024,3,March
2024-03-30,1739.48,46,72,193.92,2024,3,March
2024-03-31,1712.93,33,70,261.6,2024,3,March
2024-04-01,1751.65,37,58,278.12,2024,4,April
2024-04-02,1801.75,44,69,382.5,2024,4,April
2024-04-03,1768.56,29,46,189.91,2024,4,April
2024-04-04,1602.96,47,96,272.24,2024,4,April
2024-04-05,1903.1,23,43,369.99,2024,4,April
2024-04-06,1702.92,48,87,269.8,2024,4,April
2024-04-07,1847.27,32,49,213.73,2024,4,April
2024-04-08,2049.09,33,67,239.25,2024,4,April
2024-04-09,1719.74,20,25,147.03,2024,4,April
2024-04-10,1542.42,31,64,189.35,2024,4,April
2024-04-11,1789.11,27,46,329.63,2024,4,April
2024-04-12,1941.45,30,48,168.23,2024,4,April
2024-04-13,2035.48,34,58,225.33,2024,4,April
2024-04-14,1684.48,43,80,301.31,2024,4,April
2024-04-15,1873.99,37,45,355.25,2024,4,April
2024-04-16,1767.73,37,77,254.1,2024,4,April
2024-04-17,1806.78,26,43,321.12,2024,4,April
2024-04-18,2108.77,28,43,283.24,2024,4,April
2024-04-19,1651.98,49,66,169.14,2024,4,April
2024-04-20,1844.58,29,48,250.39,2024,4,April
2024-04-21,1867.42,48,81,301.02,2024,4,April
2024-04-22,1934.68,33,53,411.56,2024,4,April
2024-04-23,1825.23,35,66,163.59,2024,4,April
2024-04-24,1847.5,44,71,279.04,2024,4,April
2024-04-25,1769.65,45,97,223.06,2024,4,April
2024-04-26,1841.4,34,61,278.35,2024,4,April
2024-04-27,1773.06,32,64,147.8,2024,4,April
2024-04-28,1878.15,35,46,232.56,2024,4,April
2024-04-29,1768.04,38,61,344.38,2024,4,April
2024-04-30,1849.06,42,65,291.32,2024,4,April
2024-05-01,1833.19,35,62,262.3,2024,5,May
2024-05-02,1959.05,40,82,235.03,2024,5,May
2024-05-03,1828.27,48,61,222.55,2024,5,May
2024-05-04,1637.58,38,48,218.84,2024,5,May
2024-05-05,1970.07,37,76,388.06,2024,5,May
2024-05-06,1730.24,23,32,372.71,2024,5,May
2024-05-07,1756.51,14,26,248.39,2024,5,May
2024-05-08,1761.42,38,66,237.91,2024,5,May
2024-05-09,1976.6,34,69,392.39,2024,5,May
2024-05-10,1588.92,31,41,222.08,2024,5,May
2024-05-11,2167.39,37,49,340.89,2024,5,May
2024-05-12,1936.76,35,61,217.56,2024,5,May
2024-05-13,1843.46,44,94,339.36,2024,5,May
2024-05-14,1811.13,36,58,279.78,2024,5,May
2024-05-15,1846.81,29,44,356.92,2024,5,May
2024-05-16,1870.92,43,78,354.17,2024,5,May
2024-05-17,1882.73,33,70,207.29,2024,5,May
2024-05-18,1870.99,39,79,337.13,2024,5,May
2024-05-19,1817.81,31,68,349.03,2024,5,May
2024-05-20,1784.29,30,37,229.2,2024,5,May
2024-05-21,1787.37,36,47,186.18,2024,5,May
2024-05-22,1780.55,35,63,143.1,2024,5,May
2024-05-23,1924.65,39,79,275.47,2024,5,May
2024-05-24,1863.14,33,49,240.98,2024,5,May
2024-05-25,1472.28,20,29,232.16,2024,5,May
2024-05-26,1865.72,32,64,198.37,2024,5,May
2024-05-27,1812.81,41,52,363.2,2024,5,May
2024-05-28,1787.12,33,52,207.46,2024,5,May
2024-05-29,1744.2,33,56,194.83,2024,5,May
2024-05-30,1908.31,43,76,281.09,2024,5,May
2024-05-31,1886.59,29,56,282.69,2024,5,May
2024-06-01,1715.02,23,36,188.84,2024,6,June
2024-06-02,1842.46,34,62,217.52,2024,6,June
2024-06-03,1688.43,31,55,175.19,2024,6,June
2024-06-04,1641.15,27,47,296.37,2024,6,June
2024-06-05,1721.55,34,63,323.33,2024,6,June
2024-06-06,1882.91,39,57,272.51,2024,6,June
2024-06-07,1890.42,35,45,340.22,2024,6,June
2024-06-08,1839.52,37,49,336.69,2024,6,June
2024-06-09,1860.34,50,71,184.84,2024,6,June
2024-06-10,1834.83,32,54,394.97,2024,6,June
2024-06-11,1704.94,37,75,332.37,2024,6,June
2024-06-12,1820.44,31,59,197.75,2024,6,June
2024-06-13,1858.4,28,56,197.11,2024,6,June
2024-06-14,1850.73,30,47,180.62,2024,6,June
2024-06-15,1895.92,31,50,188.4,2024,6,June
2024-06-16,1840.43,38,61,340.01,2024,6,June
2024-06-17,1798.53,54,75,262.14,2024,6,June
2024-06-18,1874.94,29,37,355.51,2024,6,June
2024-06-19,1751.64,32,57,323.13,2024,6,June
2024-06-20,1654.88,34,74,272.47,2024,6,June
2024-06-21,1731.26,38,52,304.86,2024,6,June
2024-06-22,1664.56,37,46,137.44,2024,6,June
2024-06-23,1669.53,45,89,206.44,2024,6,June
2024-06-24,1725.2,16,23,292.07,2024,6,June
2024-06-25,1651.21,16,32,134.26,2024,6,June
2024-06-26,1701.79,31,59,144.0,2024,6,June
2024-06-27,1524.64,44,94,303.81,2024,6,June
2024-06-28,1753.67,22,35,308.23,2024,6,June
2024-06-29,1727.61,11,20,202.39,2024,6,June
2024-06-30,1634.87,40,67,288.25,2024,6,June
2024-07-01,1764.54,37,68,336.93,2024,7,July
2024-07-02,1792.42,26,43,220.38,2024,7,July
2024-07-03,1509.73,27,37,128.4,2024,7,July
2024-07-04,1599.93,27,46,336.93,2024,7,July
2024-07-05,1596.5,36,62,204.87,2024,7,July
2024-07-06,1575.0,30,60,149.48,2024,7,July
2024-07-07,1766.91,39,75,263.02,2024,7,July
2024-07-08,1651.64,12,22,309.82,2024,7,July
2024-07-09,1641.16,28,37,182.22,2024,7,July
2024-07-10,1447.14,26,50,170.37,2024,7,July
2024-07-11,1734.77,33,56,197.73,2024,7,July
2024-07-12,1525.88,31,65,333.91,2024,7,July
2024-07-13,1666.13,41,87,179.34,2024,7,July
2024-07-14,1687.39,20,25,270.95,2024,7,July
2024-07-15,1803.91,35,71,377.99,2024,7,July
2024-07-16,1507.63,39,48,151.62,2024,7,July
2024-07-17,1316.84,50,78,284.33,2024,7,July
2024-07-18,1666.61,31,54,354.4,2024,7,July
2024-07-19,1841.86,38,51,375.44,2024,7,July
2024-07-20,1777.51,21,41,195.59,2024,7,July
2024-07-21,1661.74,16,19,280.45,2024,7,July
2024-07-22,1582.06,42,57,295.09,2024,7,July
2024-07-23,1722.41,35,62,375.56,2024,7,July
2024-07-24,1524.04,44,84,160.42,2024,7,July
2024-07-25,1681.06,24,51,314.77,2024,7,July
2024-07-26,1681.81,39,74,214.32,2024,7,July
2024-07-27,1740.4,50,94,182.02,2024,7,July
2024-07-28,1924.94,38,61,267.55,2024,7,July
2024-07-29,1662.16,37,44,317.7,2024,7,July
2024-07-30,1560.65,35,46,226.42,2024,7,July
2024-07-31,1611.49,22,38,250.19,2024,7,July
2024-08-01,1437.4,46,86,315.25,2024,8,August
2024-08-02,1553.3,30,49,211.06,2024,8,August
2024-08-03,1582.45,39,75,262.93,2024,8,August
2024-08-04,1567.6,22,38,205.57,2024,8,August
2024-08-05,1639.82,26,33,221.36,2024,8,August
2024-08-06,1530.43,46,64,271.48,2024,8,August
2024-08-07,1742.09,32,65,368.11,2024,8,August
2024-08-08,1616.7,47,90,252.09,2024,8,August
2024-08-09,1613.59,34,71,302.67,2024,8,August
2024-08-10,1576.51,20,26,145.81,2024,8,August
2024-08-11,1627.65,42,92,178.33,2024,8,August
2024-08-12,1699.38,30,42,255.41,2024,8,August
2024-08-13,1511.31,41,50,125.14,2024,8,August
2024-08-14,1532.41,35,77,176.84,2024,8,August
2024-08-15,1569.54,23,34,239.25,2024,8,August
2024-08-16,1453.09,36,67,119.29,2024,8,August
2024-08-17,1509.24,53,73,176.64,2024,8,August
2024-08-18,1545.23,39,69,234.82,2024,8,August
2024-08-19,1692.1,35,74,271.14,2024,8,August
2024-08-20,1623.14,44,67,340.22,2024,8,August
2024-08-21,1613.93,37,69,274.93,2024,8,August
2024-08-22,1684.66,37,51,232.59,2024,8,August
2024-08-23,1574.41,26,47,331.02,2024,8,August
2024-08-24,1630.98,37,57,309.7,2024,8,August
2024-08-25,1575.22,43,61,170.13,2024,8,August
2024-08-26,1614.36,28,42,158.72,2024,8,August
2024-08-27,1519.7,46,63,265.36,2024,8,August
2024-08-28,1314.22,34,71,208.15,2024,8,August
2024-08-29,1566.44,28,45,298.49,2024,8,August
2024-08-30,1736.49,43,62,318.53,2024,8,August
2024-08-31,1680.68,33,54,281.56,2024,8,August
2024-09-01,1703.86,41,62,371.6,2024,9,September
2024-09-02,1732.55,33,64,268.03,2024,9,September
2024-09-03,1605.28,35,76,153.84,2024,9,September
2024-09-04,1616.24,39,64,316.72,2024,9,September
2024-09-05,1525.65,37,76,175.85,2024,9,September
2024-09-06,1557.92,19,34,294.17,2024,9,September
2024-09-07,1659.58,26,35,355.14,2024,9,September
2024-09-08,1723.47,42,79,306.0,2024,9,September
2024-09-09,1574.95,34,58,257.42,2024,9,September
2024-09-10,1540.07,31,57,222.47,2024,9,September
2024-09-11,1589.0,24,50,208.19,2024,9,September
2024-09-12,1654.47,26,43,214.12,2024,9,September
2024-09-13,1428.96,19,40,241.63,2024,9,September
2024-09-14,1334.71,34,66,247.16,2024,9,September
2024-09-15,1526.28,30,51,267.09,2024,9,September
2024-09-16,1452.17,27,49,156.51,2024,9,September
2024-09-17,1530.21,34,52,228.24,2024,9,September
2024-09-18,1569.55,38,83,299.52,2024,9,September
2024-09-19,1535.71,52,97,225.13,2024,9,September
2024-09-20,1745.15,23,29,270.72,2024,9,September
2024-09-21,1621.19,44,67,304.72,2024,9,September
2024-09-22,1618.21,43,78,279.27,2024,9,September
2024-09-23,1653.58,29,36,227.05,2024,9,September
2024-09-24,1459.88,37,45,299.8,2024,9,September
2024-09-25,1699.53,31,51,174.64,2024,9,September
2024-09-26,1577.03,36,55,345.96,2024,9,September
2024-09-27,1659.3,47,77,160.35,2024,9,September
2024-09-28,1467.87,40,59,120.5,2024,9,September
2024-09-29,1415.15,39,53,289.54,2024,9,September
2024-09-30,1676.38,32,60,191.6,2024,9,September
2024-10-01,1658.21,23,39,302.06,2024,10,October
2024-10-02,1518.03,33,46,293.8,2024,10,October
2024-10-03,1522.09,45,68,304.81,2024,10,October
2024-10-04,1742.11,23,41,381.21,2024,10,October
2024-10-05,1488.08,27,34,180.3,2024,10,October
2024-10-06,1800.27,36,49,323.03,2024,10,October
2024-10-07,1521.22,27,34,146.27,2024,10,October
2024-10-08,1691.28,29,58,231.63,2024,10,October
2024-10-09,1585.73,32,62,315.11,2024,10,October
2024-10-10,1689.1,24,47,222.07,2024,10,October
2024-10-11,1563.82,27,52,254.52,2024,10,October
2024-10-12,1606.74,41,77,241.86,2024,10,October
2024-10-13,1630.18,25,42,277.84,2024,10,October
2024-10-14,1516.52,22,41,327.88,2024,10,October
2024-10-15,1709.38,30,37,150.09,2024,10,October
2024-10-16,1572.62,41,75,252.18,2024,10,October
2024-10-17,1605.17,33,65,322.36,2024,10,October
2024-10-18,1522.22,31,53,224.37,2024,10,October
2024-10-19,1351.08,35,55,122.94,2024,10,October
2024-10-20,1613.31,21,31,255.67,2024,10,October
2024-10-21,1901.15,39,72,240.48,2024,10,October
2024-10-22,1723.56,38,72,175.27,2024,10,October
2024-10-23,1636.67,32,66,325.48,2024,10,October
2024-10-24,1611.45,43,66,246.59,2024,10,October
2024-10-25,1644.48,26,51,346.42,2024,10,October
2024-10-26,1703.87,44,77,328.58,2024,10,October
2024-10-27,1515.53,36,75,268.27,2024,10,October
2024-10-28,1769.78,32,55,142.83,2024,10,October
2024-10-29,1727.72,35,60,241.7,2024,10,October
2024-10-30,1729.9,34,60,186.22,2024,10,October
2024-10-31,1701.05,45,88,352.99,2024,10,October
2024-11-01,1746.94,26,56,182.45,2024,11,November
2024-11-02,1820.81,29,37,218.59,2024,11,November
2024-11-03,1813.95,43,54,276.37,2024,11,November
2024-11-04,1712.0,30,64,200.08,2024,11,November
2024-11-05,1690.0,42,73,184.85,2024,11,November
2024-11-06,1766.48,49,89,289.48,2024,11,November
2024-11-07,1927.9,32,54,178.23,2024,11,November
2024-11-08,1623.48,40,52,143.1,2024,11,November
2024-11-09,1600.67,26,51,211.47,2024,11,November
2024-11-10,1782.57,41,80,322.45,2024,11,November
2024-11-11,1772.44,37,56,279.47,2024,11,November
2024-11-12,1788.35,39,59,248.94,2024,11,November
2024-11-13,1798.59,30,61,286.34,2024,11,November
2024-11-14,1749.71,22,28,229.5,2024,11,November
2024-11-15,1940.7,39,81,409.61,2024,11,November
2024-11-16,1603.31,18,26,140.59,2024,11,November
2024-11-17,1690.9,32,57,294.68,2024,11,November
2024-11-18,1773.33,43,92,363.14,2024,11,November
2024-11-19,1606.64,37,69,309.35,2024,11,November
2024-11-20,1770.78,51,82,187.29,2024,11,November
2024-11-21,1975.65,43,81,239.9,2024,11,November
2024-11-22,1797.98,30,46,324.33,2024,11,November
2024-11-23,1823.89,35,52,167.43,2024,11,November
2024-11-24,1662.76,35,77,322.01,2024,11,November
2024-11-25,1736.47,22,43,313.69,2024,11,November
2024-11-26,1765.93,27,50,321.66,2024,11,November
2024-11-27,1775.2,31,48,166.93,2024,11,November
2024-11-28,1954.12,19,24,352.69,2024,11,November
2024-11-29,1877.49,35,43,328.89,2024,11,November
2024-11-30,1696.92,33,58,333.15,2024,11,November
2024-12-01,1809.36,22,43,155.29,2024,12,December
2024-12-02,1840.14,38,66,153.16,2024,12,December
2024-12-03,1913.87,41,84,253.05,2024,12,December
2024-12-04,1965.45,37,46,198.18,2024,12,December
2024-12-05,1683.1,32,50,266.22,2024,12,December
2024-12-06,1708.75,40,57,356.15,2024,12,December
2024-12-07,1662.82,40,66,224.16,2024,12,December
2024-12-08,1778.63,37,47,352.69,2024,12,December
2024-12-09,1858.92,28,60,148.78,2024,12,December
2024-12-10,1919.5,37,53,198.84,2024,12,December
2024-12-11,1805.82,45,96,152.16,2024,12,December
2024-12-12,1782.29,30,49,224.46,2024,12,December
2024-12-13,1837.49,52,114,380.63,2024,12,December
2024-12-14,1732.26,31,54,162.09,2024,12,December
2024-12-15,2057.33,35,75,339.25,2024,12,December
2024-12-16,1654.0,30,36,236.87,2024,12,December
2024-12-17,1854.54,37,72,392.02,2024,12,December
2024-12-18,2060.2,21,44,200.15,2024,12,December
2024-12-19,1841.75,31,42,202.01,2024,12,December
2024-12-20,1823.51,26,34,153.42,2024,12,December
2024-12-21,1808.51,36,58,254.55,2024,12,December
2024-12-22,1831.41,43,92,217.75,2024,12,December
2024-12-23,2005.7,40,70,404.72,2024,12,December
2024-12-24,1614.82,16,28,265.95,2024,12,December
2024-12-25,2030.25,51,68,336.97,2024,12,December
2024-12-26,1708.39,37,44,263.89,2024,12,December
2024-12-27,1839.15,29,58,170.78,2024,12,December
2024-12-28,1824.72,36,46,259.66,2024,12,December
2024-12-29,1940.14,36,66,426.7,2024,12,December
2024-12-30,1703.07,30,63,335.39,2024,12,December
2024-12-31,1933.16,37,52,396.46,2024,12,December
